starting process map1 with one V8 and 1 scene(s) from E:\VsCode\skynet\ets_runtime\configs/local/map1.json
scene map_1 (MapHost) listening on 127.0.0.1:7301
[process:map1] one V8 started with 1 scene(s)
[map_1] MapHost scene started at 127.0.0.1:7301
map_1 accepted 127.0.0.1:63163 as conn 1
map_1 accepted 127.0.0.1:63199 as conn 2
[map_1] perf_split_0_100_1_1783918218777 enter map 1 unit 1000
[map_1] perf_split_0_100_3_1783918218778 enter map 1 unit 1001
[map_1] perf_split_0_100_7_1783918218778 enter map 1 unit 1002
[map_1] perf_split_0_100_5_1783918218778 enter map 1 unit 1003
[map_1] perf_split_0_100_9_1783918218778 enter map 1 unit 1004
[map_1] perf_split_0_100_2_1783918218778 enter map 1 unit 1005
[map_1] perf_split_0_100_0_1783918218776 enter map 1 unit 1006
[map_1] perf_split_0_100_15_1783918218778 enter map 1 unit 1007
[map_1] perf_split_0_100_8_1783918218778 enter map 1 unit 1008
[map_1] perf_split_0_100_6_1783918218778 enter map 1 unit 1009
[map_1] perf_split_0_100_11_1783918218778 enter map 1 unit 1010
[map_1] perf_split_0_100_14_1783918218778 enter map 1 unit 1011
[map_1] perf_split_0_100_13_1783918218778 enter map 1 unit 1012
[map_1] perf_split_0_100_4_1783918218778 enter map 1 unit 1013
[map_1] perf_split_0_100_10_1783918218778 enter map 1 unit 1014
[map_1] perf_split_0_100_12_1783918218778 enter map 1 unit 1015
[map_1] perf_split_0_100_16_1783918218834 enter map 1 unit 1016
[map_1] perf_split_0_100_17_1783918218852 enter map 1 unit 1017
[map_1] perf_split_0_100_19_1783918218853 enter map 1 unit 1018
[map_1] perf_split_0_100_20_1783918218854 enter map 1 unit 1019
[map_1] perf_split_0_100_21_1783918218854 enter map 1 unit 1020
[map_1] perf_split_0_100_22_1783918218854 enter map 1 unit 1021
[map_1] perf_split_0_100_25_1783918218855 enter map 1 unit 1022
[map_1] perf_split_0_100_29_1783918218855 enter map 1 unit 1023
[map_1] perf_split_0_100_31_1783918218856 enter map 1 unit 1024
[map_1] perf_split_0_100_27_1783918218855 enter map 1 unit 1025
[map_1] perf_split_0_100_30_1783918218856 enter map 1 unit 1026
[map_1] perf_split_0_100_26_1783918218855 enter map 1 unit 1027
[map_1] perf_split_0_100_23_1783918218854 enter map 1 unit 1028
[map_1] perf_split_0_100_18_1783918218853 enter map 1 unit 1029
[map_1] perf_split_0_100_24_1783918218854 enter map 1 unit 1030
[map_1] perf_split_0_100_28_1783918218855 enter map 1 unit 1031
[map_1] perf_split_0_100_32_1783918218856 enter map 1 unit 1032
[map_1] perf_split_0_100_33_1783918218865 enter map 1 unit 1033
[map_1] perf_split_0_100_34_1783918218874 enter map 1 unit 1034
[map_1] perf_split_0_100_36_1783918218875 enter map 1 unit 1035
[map_1] perf_split_0_100_37_1783918218875 enter map 1 unit 1036
[map_1] perf_split_0_100_39_1783918218876 enter map 1 unit 1037
[map_1] perf_split_0_100_38_1783918218876 enter map 1 unit 1038
[map_1] perf_split_0_100_35_1783918218874 enter map 1 unit 1039
[map_1] perf_split_0_100_40_1783918218887 enter map 1 unit 1040
[map_1] perf_split_0_100_47_1783918218890 enter map 1 unit 1041
[map_1] perf_split_0_100_44_1783918218888 enter map 1 unit 1042
[map_1] perf_split_0_100_42_1783918218888 enter map 1 unit 1043
[map_1] perf_split_0_100_43_1783918218888 enter map 1 unit 1044
[map_1] perf_split_0_100_45_1783918218889 enter map 1 unit 1045
[map_1] perf_split_0_100_48_1783918218890 enter map 1 unit 1046
[map_1] perf_split_0_100_41_1783918218887 enter map 1 unit 1047
[map_1] perf_split_0_100_46_1783918218889 enter map 1 unit 1048
[map_1] perf_split_0_100_49_1783918218890 enter map 1 unit 1049
[map_1] perf_split_0_100_50_1783918218896 enter map 1 unit 1050
[map_1] perf_split_0_100_53_1783918218898 enter map 1 unit 1051
[map_1] perf_split_0_100_51_1783918218898 enter map 1 unit 1052
[map_1] perf_split_0_100_54_1783918218898 enter map 1 unit 1053
[map_1] perf_split_0_100_55_1783918218899 enter map 1 unit 1054
[map_1] perf_split_0_100_52_1783918218898 enter map 1 unit 1055
[map_1] perf_split_0_100_56_1783918218907 enter map 1 unit 1056
[map_1] perf_split_0_100_57_1783918218909 enter map 1 unit 1057
[map_1] perf_split_0_100_59_1783918218909 enter map 1 unit 1058
[map_1] perf_split_0_100_61_1783918218910 enter map 1 unit 1059
[map_1] perf_split_0_100_60_1783918218910 enter map 1 unit 1060
[map_1] perf_split_0_100_62_1783918218910 enter map 1 unit 1061
[map_1] perf_split_0_100_58_1783918218909 enter map 1 unit 1062
[map_1] perf_split_0_100_65_1783918218921 enter map 1 unit 1063
[map_1] perf_split_0_100_63_1783918218920 enter map 1 unit 1064
[map_1] perf_split_0_100_64_1783918218921 enter map 1 unit 1065
[map_1] perf_split_0_100_67_1783918218923 enter map 1 unit 1066
[map_1] perf_split_0_100_71_1783918218924 enter map 1 unit 1067
[map_1] perf_split_0_100_68_1783918218924 enter map 1 unit 1068
[map_1] perf_split_0_100_70_1783918218924 enter map 1 unit 1069
[map_1] perf_split_0_100_66_1783918218923 enter map 1 unit 1070
[map_1] perf_split_0_100_69_1783918218924 enter map 1 unit 1071
[map_1] perf_split_0_100_72_1783918218932 enter map 1 unit 1072
[map_1] perf_split_0_100_73_1783918218934 enter map 1 unit 1073
[map_1] perf_split_0_100_74_1783918218934 enter map 1 unit 1074
[map_1] perf_split_0_100_78_1783918218935 enter map 1 unit 1075
[map_1] perf_split_0_100_77_1783918218935 enter map 1 unit 1076
[map_1] perf_split_0_100_76_1783918218935 enter map 1 unit 1077
[map_1] perf_split_0_100_75_1783918218934 enter map 1 unit 1078
[map_1] perf_split_0_100_79_1783918218947 enter map 1 unit 1079
[map_1] perf_split_0_100_82_1783918218950 enter map 1 unit 1080
[map_1] perf_split_0_100_84_1783918218951 enter map 1 unit 1081
[map_1] perf_split_0_100_87_1783918218952 enter map 1 unit 1082
[map_1] perf_split_0_100_80_1783918218950 enter map 1 unit 1083
[map_1] perf_split_0_100_85_1783918218951 enter map 1 unit 1084
[map_1] perf_split_0_100_83_1783918218951 enter map 1 unit 1085
[map_1] perf_split_0_100_86_1783918218951 enter map 1 unit 1086
[map_1] perf_split_0_100_81_1783918218950 enter map 1 unit 1087
[map_1] perf_split_0_100_88_1783918218958 enter map 1 unit 1088
[map_1] perf_split_0_100_91_1783918218963 enter map 1 unit 1089
[map_1] perf_split_0_100_94_1783918218965 enter map 1 unit 1090
[map_1] perf_split_0_100_89_1783918218963 enter map 1 unit 1091
[map_1] perf_split_0_100_93_1783918218964 enter map 1 unit 1092
[map_1] perf_split_0_100_90_1783918218963 enter map 1 unit 1093
[map_1] perf_split_0_100_92_1783918218964 enter map 1 unit 1094
[map_1] perf_split_0_100_95_1783918218979 enter map 1 unit 1095
[map_1] perf_split_0_100_96_1783918218981 enter map 1 unit 1096
[map_1] perf_split_0_100_99_1783918218982 enter map 1 unit 1097
[map_1] perf_split_0_100_97_1783918218982 enter map 1 unit 1098
[map_1] perf_split_0_100_98_1783918218982 enter map 1 unit 1099
[error] [map_1] [err 1005] message handler failed for msgcode 20009: [scene-overloaded] scene gate_1 outbound queue is full
[error] [map_1] [err 1005] message handler failed for msgcode 20009: [scene-overloaded] scene gate_1 outbound queue is full
[error] [map_1] [err 1005] message handler failed for msgcode 20009: [scene-overloaded] scene gate_1 outbound queue is full
[error] [map_1] [err 1005] message handler failed for msgcode 20009: [scene-overloaded] scene gate_1 outbound queue is full
[error] [map_1] [err 1005] message handler failed for msgcode 20009: [scene-overloaded] scene gate_1 outbound queue is full
[error] [map_1] [err 1005] message handler failed for msgcode 20009: [scene-overloaded] scene gate_1 outbound queue is full
[error] [map_1] [err 1005] message handler failed for msgcode 20009: [scene-overloaded] scene gate_1 outbound queue is full
[error] [map_1] [err 1005] message handler failed for msgcode 20009: [scene-overloaded] scene gate_1 outbound queue is full
[error] [map_1] [err 1005] message handler failed for msgcode 20009: [scene-overloaded] scene gate_1 outbound queue is full
[error] [map_1] [err 1005] message handler failed for msgcode 20009: [scene-overloaded] scene gate_1 outbound queue is full
[error] [map_1] [err 1005] message handler failed for msgcode 20009: [scene-overloaded] scene gate_1 outbound queue is full
[error] [map_1] [err 1005] message handler failed for msgcode 20009: [scene-overloaded] scene gate_1 outbound queue is full
[error] [map_1] [err 1005] message handler failed for msgcode 20009: [scene-overloaded] scene gate_1 outbound queue is full
[error] [map_1] [err 1005] message handler failed for msgcode 20009: [scene-overloaded] scene gate_1 outbound queue is full
[error] [map_1] [err 1005] message handler failed for msgcode 20009: [scene-overloaded] scene gate_1 outbound queue is full
[error] [map_1] [err 1005] message handler failed for msgcode 20009: [scene-overloaded] scene gate_1 outbound queue is full
[error] [map_1] [err 1005] message handler failed for msgcode 20009: [scene-overloaded] scene gate_1 outbound queue is full
[error] [map_1] [err 1005] message handler failed for msgcode 20009: [scene-overloaded] scene gate_1 outbound queue is full
[error] [map_1] [err 1005] message handler failed for msgcode 20009: [scene-overloaded] scene gate_1 outbound queue is full
[error] [map_1] [err 1005] message handler failed for msgcode 20009: [scene-overloaded] scene gate_1 outbound queue is full
[error] [map_1] [err 1005] message handler failed for msgcode 20009: [scene-overloaded] scene gate_1 outbound queue is full
[error] [map_1] [err 1005] message handler failed for msgcode 20009: [scene-overloaded] scene gate_1 outbound queue is full
[error] [map_1] [err 1005] message handler failed for msgcode 20009: [scene-overloaded] scene gate_1 outbound queue is full
[error] [map_1] [err 1005] message handler failed for msgcode 20009: [scene-overloaded] scene gate_1 outbound queue is full
[error] [map_1] [err 1005] message handler failed for msgcode 20009: [scene-overloaded] scene gate_1 outbound queue is full
[error] [map_1] [err 1005] message handler failed for msgcode 20009: [scene-overloaded] scene gate_1 outbound queue is full
[error] [map_1] [err 1005] message handler failed for msgcode 20009: [scene-overloaded] scene gate_1 outbound queue is full
[error] [map_1] [err 1005] message handler failed for msgcode 20009: [scene-overloaded] scene gate_1 outbound queue is full
[error] [map_1] [err 1005] message handler failed for msgcode 20009: [scene-overloaded] scene gate_1 outbound queue is full
[error] [map_1] [err 1005] message handler failed for msgcode 20009: [scene-overloaded] scene gate_1 outbound queue is full
[error] [map_1] [err 1005] message handler failed for msgcode 20009: [scene-overloaded] scene gate_1 outbound queue is full
[error] [map_1] [err 1005] message handler failed for msgcode 20009: [scene-overloaded] scene gate_1 outbound queue is full
[error] [map_1] [err 1005] message handler failed for msgcode 20009: [scene-overloaded] scene gate_1 outbound queue is full
[error] [map_1] [err 1005] message handler failed for msgcode 20009: [scene-overloaded] scene gate_1 outbound queue is full
[error] [map_1] [err 1005] message handler failed for msgcode 20009: [scene-overloaded] scene gate_1 outbound queue is full
[error] [map_1] [err 1005] message handler failed for msgcode 20009: [scene-overloaded] scene gate_1 outbound queue is full
[error] [map_1] [err 1005] message handler failed for msgcode 20009: [scene-overloaded] scene gate_1 outbound queue is full
[error] [map_1] [err 1005] message handler failed for msgcode 20009: [scene-overloaded] scene gate_1 outbound queue is full
[error] [map_1] [err 1005] message handler failed for msgcode 20009: [scene-overloaded] scene gate_1 outbound queue is full
[error] [map_1] [err 1005] message handler failed for msgcode 20009: [scene-overloaded] scene gate_1 outbound queue is full
[error] [map_1] [err 1005] message handler failed for msgcode 20009: [scene-overloaded] scene gate_1 outbound queue is full
[error] [map_1] [err 1005] message handler failed for msgcode 20009: [scene-overloaded] scene gate_1 outbound queue is full
[error] [map_1] [err 1005] message handler failed for msgcode 20009: [scene-overloaded] scene gate_1 outbound queue is full
[error] [map_1] [err 1005] message handler failed for msgcode 20009: [scene-overloaded] scene gate_1 outbound queue is full
[error] [map_1] [err 1005] message handler failed for msgcode 20009: [scene-overloaded] scene gate_1 outbound queue is full
[error] [map_1] [err 1005] message handler failed for msgcode 20009: [scene-overloaded] scene gate_1 outbound queue is full
[error] [map_1] [err 1005] message handler failed for msgcode 20009: [scene-overloaded] scene gate_1 outbound queue is full
[error] [map_1] [err 1005] message handler failed for msgcode 20009: [scene-overloaded] scene gate_1 outbound queue is full
[error] [map_1] [err 1005] message handler failed for msgcode 20009: [scene-overloaded] scene gate_1 outbound queue is full
[error] [map_1] [err 1005] message handler failed for msgcode 20009: [scene-overloaded] scene gate_1 outbound queue is full
[error] [map_1] [err 1005] message handler failed for msgcode 20009: [scene-overloaded] scene gate_1 outbound queue is full
[error] [map_1] [err 1005] message handler failed for msgcode 20009: [scene-overloaded] scene gate_1 outbound queue is full
[error] [map_1] [err 1005] message handler failed for msgcode 20009: [scene-overloaded] scene gate_1 outbound queue is full
[error] [map_1] [err 1005] message handler failed for msgcode 20009: [scene-overloaded] scene gate_1 outbound queue is full
[error] [map_1] [err 1005] message handler failed for msgcode 20009: [scene-overloaded] scene gate_1 outbound queue is full
[error] [map_1] [err 1005] message handler failed for msgcode 20009: [scene-overloaded] scene gate_1 outbound queue is full
[error] [map_1] [err 1005] message handler failed for msgcode 20009: [scene-overloaded] scene gate_1 outbound queue is full
[error] [map_1] [err 1005] message handler failed for msgcode 20009: [scene-overloaded] scene gate_1 outbound queue is full
[error] [map_1] [err 1005] message handler failed for msgcode 20009: [scene-overloaded] scene gate_1 outbound queue is full
[error] [map_1] [err 1005] message handler failed for msgcode 20009: [scene-overloaded] scene gate_1 outbound queue is full
[error] [map_1] [err 1005] message handler failed for msgcode 20009: [scene-overloaded] scene gate_1 outbound queue is full
[error] [map_1] [err 1005] message handler failed for msgcode 20009: [scene-overloaded] scene gate_1 outbound queue is full
[error] [map_1] [err 1005] message handler failed for msgcode 20009: [scene-overloaded] scene gate_1 outbound queue is full
[error] [map_1] [err 1005] message handler failed for msgcode 20009: [scene-overloaded] scene gate_1 outbound queue is full
[error] [map_1] [err 1005] message handler failed for msgcode 20009: [scene-overloaded] scene gate_1 outbound queue is full
[error] [map_1] [err 1005] message handler failed for msgcode 20009: [scene-overloaded] scene gate_1 outbound queue is full
[error] [map_1] [err 1005] message handler failed for msgcode 20009: [scene-overloaded] scene gate_1 outbound queue is full
[error] [map_1] [err 1005] message handler failed for msgcode 20009: [scene-overloaded] scene gate_1 outbound queue is full
[error] [map_1] [err 1005] message handler failed for msgcode 20009: [scene-overloaded] scene gate_1 outbound queue is full
[error] [map_1] [err 1005] message handler failed for msgcode 20009: [scene-overloaded] scene gate_1 outbound queue is full
[error] [map_1] [err 1005] message handler failed for msgcode 20009: [scene-overloaded] scene gate_1 outbound queue is full
[error] [map_1] [err 1005] message handler failed for msgcode 20009: [scene-overloaded] scene gate_1 outbound queue is full
[error] [map_1] [err 1005] message handler failed for msgcode 20009: [scene-overloaded] scene gate_1 outbound queue is full
[error] [map_1] [err 1005] message handler failed for msgcode 20009: [scene-overloaded] scene gate_1 outbound queue is full
[error] [map_1] [err 1005] message handler failed for msgcode 20009: [scene-overloaded] scene gate_1 outbound queue is full
[error] [map_1] [err 1005] message handler failed for msgcode 20009: [scene-overloaded] scene gate_1 outbound queue is full
[error] [map_1] [err 1005] message handler failed for msgcode 20009: [scene-overloaded] scene gate_1 outbound queue is full
[error] [map_1] [err 1005] message handler failed for msgcode 20009: [scene-overloaded] scene gate_1 outbound queue is full
[error] [map_1] [err 1005] message handler failed for msgcode 20009: [scene-overloaded] scene gate_1 outbound queue is full
[error] [map_1] [err 1005] message handler failed for msgcode 20009: [scene-overloaded] scene gate_1 outbound queue is full
[error] [map_1] [err 1005] message handler failed for msgcode 20009: [scene-overloaded] scene gate_1 outbound queue is full
[error] [map_1] [err 1005] message handler failed for msgcode 20009: [scene-overloaded] scene gate_1 outbound queue is full
[error] [map_1] [err 1005] message handler failed for msgcode 20009: [scene-overloaded] scene gate_1 outbound queue is full
[error] [map_1] [err 1005] message handler failed for msgcode 20009: [scene-overloaded] scene gate_1 outbound queue is full
[error] [map_1] [err 1005] message handler failed for msgcode 20009: [scene-overloaded] scene gate_1 outbound queue is full
[error] [map_1] [err 1005] message handler failed for msgcode 20009: [scene-overloaded] scene gate_1 outbound queue is full
[error] [map_1] [err 1005] message handler failed for msgcode 20009: [scene-overloaded] scene gate_1 outbound queue is full
[error] [map_1] [err 1005] message handler failed for msgcode 20009: [scene-overloaded] scene gate_1 outbound queue is full
[error] [map_1] [err 1005] message handler failed for msgcode 20009: [scene-overloaded] scene gate_1 outbound queue is full
[error] [map_1] [err 1005] message handler failed for msgcode 20009: [scene-overloaded] scene gate_1 outbound queue is full
[error] [map_1] [err 1005] message handler failed for msgcode 20009: [scene-overloaded] scene gate_1 outbound queue is full
[error] [map_1] [err 1005] message handler failed for msgcode 20009: [scene-overloaded] scene gate_1 outbound queue is full
[error] [map_1] [err 1005] message handler failed for msgcode 20009: [scene-overloaded] scene gate_1 outbound queue is full
[error] [map_1] [err 1005] message handler failed for msgcode 20009: [scene-overloaded] scene gate_1 outbound queue is full
[error] [map_1] [err 1005] message handler failed for msgcode 20009: [scene-overloaded] scene gate_1 outbound queue is full
[error] [map_1] [err 1005] message handler failed for msgcode 20009: [scene-overloaded] scene gate_1 outbound queue is full
[error] [map_1] [err 1005] message handler failed for msgcode 20009: [scene-overloaded] scene gate_1 outbound queue is full
[error] [map_1] [err 1005] message handler failed for msgcode 20009: [scene-overloaded] scene gate_1 outbound queue is full
[error] [map_1] [err 1005] message handler failed for msgcode 20009: [scene-overloaded] scene gate_1 outbound queue is full
[error] [map_1] [err 1005] message handler failed for msgcode 20009: [scene-overloaded] scene gate_1 outbound queue is full
[error] [map_1] [err 1005] message handler failed for msgcode 20009: [scene-overloaded] scene gate_1 outbound queue is full
[error] [map_1] [err 1005] message handler failed for msgcode 20009: [scene-overloaded] scene gate_1 outbound queue is full
[error] [map_1] [err 1005] message handler failed for msgcode 20009: [scene-overloaded] scene gate_1 outbound queue is full
[error] [map_1] [err 1005] message handler failed for msgcode 20009: [scene-overloaded] scene gate_1 outbound queue is full
[error] [map_1] [err 1005] message handler failed for msgcode 20009: [scene-overloaded] scene gate_1 outbound queue is full
[error] [map_1] [err 1005] message handler failed for msgcode 20009: [scene-overloaded] scene gate_1 outbound queue is full
[error] [map_1] [err 1005] message handler failed for msgcode 20009: [scene-overloaded] scene gate_1 outbound queue is full
[error] [map_1] [err 1005] message handler failed for msgcode 20009: [scene-overloaded] scene gate_1 outbound queue is full
[error] [map_1] [err 1005] message handler failed for msgcode 20009: [scene-overloaded] scene gate_1 outbound queue is full
[error] [map_1] [err 1005] message handler failed for msgcode 20009: [scene-overloaded] scene gate_1 outbound queue is full
[error] [map_1] [err 1005] message handler failed for msgcode 20009: [scene-overloaded] scene gate_1 outbound queue is full
[error] [map_1] [err 1005] message handler failed for msgcode 20009: [scene-overloaded] scene gate_1 outbound queue is full
[error] [map_1] [err 1005] message handler failed for msgcode 20009: [scene-overloaded] scene gate_1 outbound queue is full
[error] [map_1] [err 1005] message handler failed for msgcode 20009: [scene-overloaded] scene gate_1 outbound queue is full
[error] [map_1] [err 1005] message handler failed for msgcode 20009: [scene-overloaded] scene gate_1 outbound queue is full
[error] [map_1] [err 1005] message handler failed for msgcode 20009: [scene-overloaded] scene gate_1 outbound queue is full
[error] [map_1] [err 1005] message handler failed for msgcode 20009: [scene-overloaded] scene gate_1 outbound queue is full
[error] [map_1] [err 1005] message handler failed for msgcode 20009: [scene-overloaded] scene gate_1 outbound queue is full
[error] [map_1] [err 1005] message handler failed for msgcode 20009: [scene-overloaded] scene gate_1 outbound queue is full
[error] [map_1] [err 1005] message handler failed for msgcode 20009: [scene-overloaded] scene gate_1 outbound queue is full
[error] [map_1] [err 1005] message handler failed for msgcode 20009: [scene-overloaded] scene gate_1 outbound queue is full
[error] [map_1] [err 1005] message handler failed for msgcode 20009: [scene-overloaded] scene gate_1 outbound queue is full
[error] [map_1] [err 1005] message handler failed for msgcode 20009: [scene-overloaded] scene gate_1 outbound queue is full
[error] [map_1] [err 1005] message handler failed for msgcode 20009: [scene-overloaded] scene gate_1 outbound queue is full
[error] [map_1] [err 1005] message handler failed for msgcode 20009: [scene-overloaded] scene gate_1 outbound queue is full
[error] [map_1] [err 1005] message handler failed for msgcode 20009: [scene-overloaded] scene gate_1 outbound queue is full
[error] [map_1] [err 1005] message handler failed for msgcode 20009: [scene-overloaded] scene gate_1 outbound queue is full
[error] [map_1] [err 1005] message handler failed for msgcode 20009: [scene-overloaded] scene gate_1 outbound queue is full
[error] [map_1] [err 1005] message handler failed for msgcode 20009: [scene-overloaded] scene gate_1 outbound queue is full
[error] [map_1] [err 1005] message handler failed for msgcode 20009: [scene-overloaded] scene gate_1 outbound queue is full
[error] [map_1] [err 1005] message handler failed for msgcode 20009: [scene-overloaded] scene gate_1 outbound queue is full
[error] [map_1] [err 1005] message handler failed for msgcode 20009: [scene-overloaded] scene gate_1 outbound queue is full
[error] [map_1] [err 1005] message handler failed for msgcode 20009: [scene-overloaded] scene gate_1 outbound queue is full
[error] [map_1] [err 1005] message handler failed for msgcode 20009: [scene-overloaded] scene gate_1 outbound queue is full
[error] [map_1] [err 1005] message handler failed for msgcode 20009: [scene-overloaded] scene gate_1 outbound queue is full
[error] [map_1] [err 1005] message handler failed for msgcode 20009: [scene-overloaded] scene gate_1 outbound queue is full
[error] [map_1] [err 1005] message handler failed for msgcode 20009: [scene-overloaded] scene gate_1 outbound queue is full
[error] [map_1] [err 1005] message handler failed for msgcode 20009: [scene-overloaded] scene gate_1 outbound queue is full
[error] [map_1] [err 1005] message handler failed for msgcode 20009: [scene-overloaded] scene gate_1 outbound queue is full
[error] [map_1] [err 1005] message handler failed for msgcode 20009: [scene-overloaded] scene gate_1 outbound queue is full
[error] [map_1] [err 1005] message handler failed for msgcode 20009: [scene-overloaded] scene gate_1 outbound queue is full
[error] [map_1] [err 1005] message handler failed for msgcode 20009: [scene-overloaded] scene gate_1 outbound queue is full
[error] [map_1] [err 1005] message handler failed for msgcode 20009: [scene-overloaded] scene gate_1 outbound queue is full
[error] [map_1] [err 1005] message handler failed for msgcode 20009: [scene-overloaded] scene gate_1 outbound queue is full
[error] [map_1] [err 1005] message handler failed for msgcode 20009: [scene-overloaded] scene gate_1 outbound queue is full
[error] [map_1] [err 1005] message handler failed for msgcode 20009: [scene-overloaded] scene gate_1 outbound queue is full
[error] [map_1] [err 1005] message handler failed for msgcode 20009: [scene-overloaded] scene gate_1 outbound queue is full
[error] [map_1] [err 1005] message handler failed for msgcode 20009: [scene-overloaded] scene gate_1 outbound queue is full
[error] [map_1] [err 1005] message handler failed for msgcode 20009: [scene-overloaded] scene gate_1 outbound queue is full
[error] [map_1] [err 1005] message handler failed for msgcode 20009: [scene-overloaded] scene gate_1 outbound queue is full
[error] [map_1] [err 1005] message handler failed for msgcode 20009: [scene-overloaded] scene gate_1 outbound queue is full
[error] [map_1] [err 1005] message handler failed for msgcode 20009: [scene-overloaded] scene gate_1 outbound queue is full
[error] [map_1] [err 1005] message handler failed for msgcode 20009: [scene-overloaded] scene gate_1 outbound queue is full
[error] [map_1] [err 1005] message handler failed for msgcode 20009: [scene-overloaded] scene gate_1 outbound queue is full
[error] [map_1] [err 1005] message handler failed for msgcode 20009: [scene-overloaded] scene gate_1 outbound queue is full
[error] [map_1] [err 1005] message handler failed for msgcode 20009: [scene-overloaded] scene gate_1 outbound queue is full
[error] [map_1] [err 1005] message handler failed for msgcode 20009: [scene-overloaded] scene gate_1 outbound queue is full
[error] [map_1] [err 1005] message handler failed for msgcode 20009: [scene-overloaded] scene gate_1 outbound queue is full
[error] [map_1] [err 1005] message handler failed for msgcode 20009: [scene-overloaded] scene gate_1 outbound queue is full
[error] [map_1] [err 1005] message handler failed for msgcode 20009: [scene-overloaded] scene gate_1 outbound queue is full
[error] [map_1] [err 1005] message handler failed for msgcode 20009: [scene-overloaded] scene gate_1 outbound queue is full
[error] [map_1] [err 1005] message handler failed for msgcode 20009: [scene-overloaded] scene gate_1 outbound queue is full
[error] [map_1] [err 1005] message handler failed for msgcode 20009: [scene-overloaded] scene gate_1 outbound queue is full
[error] [map_1] [err 1005] message handler failed for msgcode 20009: [scene-overloaded] scene gate_1 outbound queue is full
[error] [map_1] [err 1005] message handler failed for msgcode 20009: [scene-overloaded] scene gate_1 outbound queue is full
[error] [map_1] [err 1005] message handler failed for msgcode 20009: [scene-overloaded] scene gate_1 outbound queue is full
[error] [map_1] [err 1005] message handler failed for msgcode 20009: [scene-overloaded] scene gate_1 outbound queue is full
[error] [map_1] [err 1005] message handler failed for msgcode 20009: [scene-overloaded] scene gate_1 outbound queue is full
[error] [map_1] [err 1005] message handler failed for msgcode 20009: [scene-overloaded] scene gate_1 outbound queue is full
[error] [map_1] [err 1005] message handler failed for msgcode 20009: [scene-overloaded] scene gate_1 outbound queue is full
[error] [map_1] [err 1005] message handler failed for msgcode 20009: [scene-overloaded] scene gate_1 outbound queue is full
[error] [map_1] [err 1005] message handler failed for msgcode 20009: [scene-overloaded] scene gate_1 outbound queue is full
[error] [map_1] [err 1005] message handler failed for msgcode 20009: [scene-overloaded] scene gate_1 outbound queue is full
[error] [map_1] [err 1005] message handler failed for msgcode 20009: [scene-overloaded] scene gate_1 outbound queue is full
[error] [map_1] [err 1005] message handler failed for msgcode 20009: [scene-overloaded] scene gate_1 outbound queue is full
[error] [map_1] [err 1005] message handler failed for msgcode 20009: [scene-overloaded] scene gate_1 outbound queue is full
[error] [map_1] [err 1005] message handler failed for msgcode 20009: [scene-overloaded] scene gate_1 outbound queue is full
[error] [map_1] [err 1005] message handler failed for msgcode 20009: [scene-overloaded] scene gate_1 outbound queue is full
[error] [map_1] [err 1005] message handler failed for msgcode 20009: [scene-overloaded] scene gate_1 outbound queue is full
[error] [map_1] [err 1005] message handler failed for msgcode 20009: [scene-overloaded] scene gate_1 outbound queue is full
[error] [map_1] [err 1005] message handler failed for msgcode 20009: [scene-overloaded] scene gate_1 outbound queue is full
[error] [map_1] [err 1005] message handler failed for msgcode 20009: [scene-overloaded] scene gate_1 outbound queue is full
[error] [map_1] [err 1005] message handler failed for msgcode 20009: [scene-overloaded] scene gate_1 outbound queue is full
[error] [map_1] [err 1005] message handler failed for msgcode 20009: [scene-overloaded] scene gate_1 outbound queue is full
[error] [map_1] [err 1005] message handler failed for msgcode 20009: [scene-overloaded] scene gate_1 outbound queue is full
[error] [map_1] [err 1005] message handler failed for msgcode 20009: [scene-overloaded] scene gate_1 outbound queue is full
[error] [map_1] [err 1005] message handler failed for msgcode 20009: [scene-overloaded] scene gate_1 outbound queue is full
[error] [map_1] [err 1005] message handler failed for msgcode 20009: [scene-overloaded] scene gate_1 outbound queue is full
[error] [map_1] [err 1005] message handler failed for msgcode 20009: [scene-overloaded] scene gate_1 outbound queue is full
[error] [map_1] [err 1005] message handler failed for msgcode 20009: [scene-overloaded] scene gate_1 outbound queue is full
[error] [map_1] [err 1005] message handler failed for msgcode 20009: [scene-overloaded] scene gate_1 outbound queue is full
[error] [map_1] [err 1005] message handler failed for msgcode 20009: [scene-overloaded] scene gate_1 outbound queue is full
[error] [map_1] [err 1005] message handler failed for msgcode 20009: [scene-overloaded] scene gate_1 outbound queue is full
[error] [map_1] [err 1005] message handler failed for msgcode 20009: [scene-overloaded] scene gate_1 outbound queue is full
[error] [map_1] [err 1005] message handler failed for msgcode 20009: [scene-overloaded] scene gate_1 outbound queue is full
[error] [map_1] [err 1005] message handler failed for msgcode 20009: [scene-overloaded] scene gate_1 outbound queue is full
[error] [map_1] [err 1005] message handler failed for msgcode 20009: [scene-overloaded] scene gate_1 outbound queue is full
[error] [map_1] [err 1005] message handler failed for msgcode 20009: [scene-overloaded] scene gate_1 outbound queue is full
[error] [map_1] [err 1005] message handler failed for msgcode 20009: [scene-overloaded] scene gate_1 outbound queue is full
[error] [map_1] [err 1005] message handler failed for msgcode 20009: [scene-overloaded] scene gate_1 outbound queue is full
[error] [map_1] [err 1005] message handler failed for msgcode 20009: [scene-overloaded] scene gate_1 outbound queue is full
[error] [map_1] [err 1005] message handler failed for msgcode 20009: [scene-overloaded] scene gate_1 outbound queue is full
[error] [map_1] [err 1005] message handler failed for msgcode 20009: [scene-overloaded] scene gate_1 outbound queue is full
[error] [map_1] [err 1005] message handler failed for msgcode 20009: [scene-overloaded] scene gate_1 outbound queue is full
[error] [map_1] [err 1005] message handler failed for msgcode 20009: [scene-overloaded] scene gate_1 outbound queue is full
[error] [map_1] [err 1005] message handler failed for msgcode 20009: [scene-overloaded] scene gate_1 outbound queue is full
[error] [map_1] [err 1005] message handler failed for msgcode 20009: [scene-overloaded] scene gate_1 outbound queue is full
[error] [map_1] [err 1005] message handler failed for msgcode 20009: [scene-overloaded] scene gate_1 outbound queue is full
[error] [map_1] [err 1005] message handler failed for msgcode 20009: [scene-overloaded] scene gate_1 outbound queue is full
[error] [map_1] [err 1005] message handler failed for msgcode 20009: [scene-overloaded] scene gate_1 outbound queue is full
[error] [map_1] [err 1005] message handler failed for msgcode 20009: [scene-overloaded] scene gate_1 outbound queue is full
[error] [map_1] [err 1005] message handler failed for msgcode 20009: [scene-overloaded] scene gate_1 outbound queue is full
[error] [map_1] [err 1005] message handler failed for msgcode 20009: [scene-overloaded] scene gate_1 outbound queue is full
[error] [map_1] [err 1005] message handler failed for msgcode 20009: [scene-overloaded] scene gate_1 outbound queue is full
[error] [map_1] [err 1005] message handler failed for msgcode 20009: [scene-overloaded] scene gate_1 outbound queue is full
[error] [map_1] [err 1005] message handler failed for msgcode 20009: [scene-overloaded] scene gate_1 outbound queue is full
[error] [map_1] [err 1005] message handler failed for msgcode 20009: [scene-overloaded] scene gate_1 outbound queue is full
[error] [map_1] [err 1005] message handler failed for msgcode 20009: [scene-overloaded] scene gate_1 outbound queue is full
[error] [map_1] [err 1005] message handler failed for msgcode 20009: [scene-overloaded] scene gate_1 outbound queue is full
[error] [map_1] [err 1005] message handler failed for msgcode 20009: [scene-overloaded] scene gate_1 outbound queue is full
[error] [map_1] [err 1005] message handler failed for msgcode 20009: [scene-overloaded] scene gate_1 outbound queue is full
[error] [map_1] [err 1005] message handler failed for msgcode 20009: [scene-overloaded] scene gate_1 outbound queue is full
[error] [map_1] [err 1005] message handler failed for msgcode 20009: [scene-overloaded] scene gate_1 outbound queue is full
[error] [map_1] [err 1005] message handler failed for msgcode 20009: [scene-overloaded] scene gate_1 outbound queue is full
[error] [map_1] [err 1005] message handler failed for msgcode 20009: [scene-overloaded] scene gate_1 outbound queue is full
[error] [map_1] [err 1005] message handler failed for msgcode 20009: [scene-overloaded] scene gate_1 outbound queue is full
[error] [map_1] [err 1005] message handler failed for msgcode 20009: [scene-overloaded] scene gate_1 outbound queue is full
[error] [map_1] [err 1005] message handler failed for msgcode 20009: [scene-overloaded] scene gate_1 outbound queue is full
[error] [map_1] [err 1005] message handler failed for msgcode 20009: [scene-overloaded] scene gate_1 outbound queue is full
[error] [map_1] [err 1005] message handler failed for msgcode 20009: [scene-overloaded] scene gate_1 outbound queue is full
[error] [map_1] [err 1005] message handler failed for msgcode 20009: [scene-overloaded] scene gate_1 outbound queue is full
[error] [map_1] [err 1005] message handler failed for msgcode 20009: [scene-overloaded] scene gate_1 outbound queue is full
[error] [map_1] [err 1005] message handler failed for msgcode 20009: [scene-overloaded] scene gate_1 outbound queue is full
[error] [map_1] [err 1005] message handler failed for msgcode 20009: [scene-overloaded] scene gate_1 outbound queue is full
[error] [map_1] [err 1005] message handler failed for msgcode 20009: [scene-overloaded] scene gate_1 outbound queue is full
[error] [map_1] [err 1005] message handler failed for msgcode 20009: [scene-overloaded] scene gate_1 outbound queue is full
[error] [map_1] [err 1005] message handler failed for msgcode 20009: [scene-overloaded] scene gate_1 outbound queue is full
[error] [map_1] [err 1005] message handler failed for msgcode 20009: [scene-overloaded] scene gate_1 outbound queue is full
[error] [map_1] [err 1005] message handler failed for msgcode 20009: [scene-overloaded] scene gate_1 outbound queue is full
[error] [map_1] [err 1005] message handler failed for msgcode 20009: [scene-overloaded] scene gate_1 outbound queue is full
[error] [map_1] [err 1005] message handler failed for msgcode 20009: [scene-overloaded] scene gate_1 outbound queue is full
[error] [map_1] [err 1005] message handler failed for msgcode 20009: [scene-overloaded] scene gate_1 outbound queue is full
[error] [map_1] [err 1005] message handler failed for msgcode 20009: [scene-overloaded] scene gate_1 outbound queue is full
[error] [map_1] [err 1005] message handler failed for msgcode 20009: [scene-overloaded] scene gate_1 outbound queue is full
[error] [map_1] [err 1005] message handler failed for msgcode 20009: [scene-overloaded] scene gate_1 outbound queue is full
[error] [map_1] [err 1005] message handler failed for msgcode 20009: [scene-overloaded] scene gate_1 outbound queue is full
[error] [map_1] [err 1005] message handler failed for msgcode 20009: [scene-overloaded] scene gate_1 outbound queue is full
[error] [map_1] [err 1005] message handler failed for msgcode 20009: [scene-overloaded] scene gate_1 outbound queue is full
[error] [map_1] [err 1005] message handler failed for msgcode 20009: [scene-overloaded] scene gate_1 outbound queue is full
[error] [map_1] [err 1005] message handler failed for msgcode 20009: [scene-overloaded] scene gate_1 outbound queue is full
[error] [map_1] [err 1005] message handler failed for msgcode 20009: [scene-overloaded] scene gate_1 outbound queue is full
[error] [map_1] [err 1005] message handler failed for msgcode 20009: [scene-overloaded] scene gate_1 outbound queue is full
[error] [map_1] [err 1005] message handler failed for msgcode 20009: [scene-overloaded] scene gate_1 outbound queue is full
[error] [map_1] [err 1005] message handler failed for msgcode 20009: [scene-overloaded] scene gate_1 outbound queue is full
[error] [map_1] [err 1005] message handler failed for msgcode 20009: [scene-overloaded] scene gate_1 outbound queue is full
[error] [map_1] [err 1005] message handler failed for msgcode 20009: [scene-overloaded] scene gate_1 outbound queue is full
[error] [map_1] [err 1005] message handler failed for msgcode 20009: [scene-overloaded] scene gate_1 outbound queue is full
[error] [map_1] [err 1005] message handler failed for msgcode 20009: [scene-overloaded] scene gate_1 outbound queue is full
[error] [map_1] [err 1005] message handler failed for msgcode 20009: [scene-overloaded] scene gate_1 outbound queue is full
[error] [map_1] [err 1005] message handler failed for msgcode 20009: [scene-overloaded] scene gate_1 outbound queue is full
[error] [map_1] [err 1005] message handler failed for msgcode 20009: [scene-overloaded] scene gate_1 outbound queue is full
[error] [map_1] [err 1005] message handler failed for msgcode 20009: [scene-overloaded] scene gate_1 outbound queue is full
[error] [map_1] [err 1005] message handler failed for msgcode 20009: [scene-overloaded] scene gate_1 outbound queue is full
[error] [map_1] [err 1005] message handler failed for msgcode 20009: [scene-overloaded] scene gate_1 outbound queue is full
[error] [map_1] [err 1005] message handler failed for msgcode 20009: [scene-overloaded] scene gate_1 outbound queue is full
[error] [map_1] [err 1005] message handler failed for msgcode 20009: [scene-overloaded] scene gate_1 outbound queue is full
[error] [map_1] [err 1005] message handler failed for msgcode 20009: [scene-overloaded] scene gate_1 outbound queue is full
[error] [map_1] [err 1005] message handler failed for msgcode 20009: [scene-overloaded] scene gate_1 outbound queue is full
[error] [map_1] [err 1005] message handler failed for msgcode 20009: [scene-overloaded] scene gate_1 outbound queue is full
[error] [map_1] [err 1005] message handler failed for msgcode 20009: [scene-overloaded] scene gate_1 outbound queue is full
[error] [map_1] [err 1005] message handler failed for msgcode 20009: [scene-overloaded] scene gate_1 outbound queue is full
[error] [map_1] [err 1005] message handler failed for msgcode 20009: [scene-overloaded] scene gate_1 outbound queue is full
[error] [map_1] [err 1005] message handler failed for msgcode 20009: [scene-overloaded] scene gate_1 outbound queue is full
[error] [map_1] [err 1005] message handler failed for msgcode 20009: [scene-overloaded] scene gate_1 outbound queue is full
[error] [map_1] [err 1005] message handler failed for msgcode 20009: [scene-overloaded] scene gate_1 outbound queue is full
[error] [map_1] [err 1005] message handler failed for msgcode 20009: [scene-overloaded] scene gate_1 outbound queue is full
[error] [map_1] [err 1005] message handler failed for msgcode 20009: [scene-overloaded] scene gate_1 outbound queue is full
[error] [map_1] [err 1005] message handler failed for msgcode 20009: [scene-overloaded] scene gate_1 outbound queue is full
[error] [map_1] [err 1005] message handler failed for msgcode 20009: [scene-overloaded] scene gate_1 outbound queue is full
[error] [map_1] [err 1005] message handler failed for msgcode 20009: [scene-overloaded] scene gate_1 outbound queue is full
[error] [map_1] [err 1005] message handler failed for msgcode 20009: [scene-overloaded] scene gate_1 outbound queue is full
[error] [map_1] [err 1005] message handler failed for msgcode 20009: [scene-overloaded] scene gate_1 outbound queue is full
[error] [map_1] [err 1005] message handler failed for msgcode 20009: [scene-overloaded] scene gate_1 outbound queue is full
[error] [map_1] [err 1005] message handler failed for msgcode 20009: [scene-overloaded] scene gate_1 outbound queue is full
[error] [map_1] [err 1005] message handler failed for msgcode 20009: [scene-overloaded] scene gate_1 outbound queue is full
[error] [map_1] [err 1005] message handler failed for msgcode 20009: [scene-overloaded] scene gate_1 outbound queue is full
[error] [map_1] [err 1005] message handler failed for msgcode 20009: [scene-overloaded] scene gate_1 outbound queue is full
[error] [map_1] [err 1005] message handler failed for msgcode 20009: [scene-overloaded] scene gate_1 outbound queue is full
[error] [map_1] [err 1005] message handler failed for msgcode 20009: [scene-overloaded] scene gate_1 outbound queue is full
[error] [map_1] [err 1005] message handler failed for msgcode 20009: [scene-overloaded] scene gate_1 outbound queue is full
[error] [map_1] [err 1005] message handler failed for msgcode 20009: [scene-overloaded] scene gate_1 outbound queue is full
[error] [map_1] [err 1005] message handler failed for msgcode 20009: [scene-overloaded] scene gate_1 outbound queue is full
[error] [map_1] [err 1005] message handler failed for msgcode 20009: [scene-overloaded] scene gate_1 outbound queue is full
[error] [map_1] [err 1005] message handler failed for msgcode 20009: [scene-overloaded] scene gate_1 outbound queue is full
[error] [map_1] [err 1005] message handler failed for msgcode 20009: [scene-overloaded] scene gate_1 outbound queue is full
[error] [map_1] [err 1005] message handler failed for msgcode 20009: [scene-overloaded] scene gate_1 outbound queue is full
[error] [map_1] [err 1005] message handler failed for msgcode 20009: [scene-overloaded] scene gate_1 outbound queue is full
[error] [map_1] [err 1005] message handler failed for msgcode 20009: [scene-overloaded] scene gate_1 outbound queue is full
[error] [map_1] [err 1005] message handler failed for msgcode 20009: [scene-overloaded] scene gate_1 outbound queue is full
[error] [map_1] [err 1005] message handler failed for msgcode 20009: [scene-overloaded] scene gate_1 outbound queue is full
[error] [map_1] [err 1005] message handler failed for msgcode 20009: [scene-overloaded] scene gate_1 outbound queue is full
[error] [map_1] [err 1005] message handler failed for msgcode 20009: [scene-overloaded] scene gate_1 outbound queue is full
[error] [map_1] [err 1005] message handler failed for msgcode 20009: [scene-overloaded] scene gate_1 outbound queue is full
[error] [map_1] [err 1005] message handler failed for msgcode 20009: [scene-overloaded] scene gate_1 outbound queue is full
[error] [map_1] [err 1005] message handler failed for msgcode 20009: [scene-overloaded] scene gate_1 outbound queue is full
[error] [map_1] [err 1005] message handler failed for msgcode 20009: [scene-overloaded] scene gate_1 outbound queue is full
[error] [map_1] [err 1005] message handler failed for msgcode 20009: [scene-overloaded] scene gate_1 outbound queue is full
[error] [map_1] [err 1005] message handler failed for msgcode 20009: [scene-overloaded] scene gate_1 outbound queue is full
[error] [map_1] [err 1005] message handler failed for msgcode 20009: [scene-overloaded] scene gate_1 outbound queue is full
[error] [map_1] [err 1005] message handler failed for msgcode 20009: [scene-overloaded] scene gate_1 outbound queue is full
[error] [map_1] [err 1005] message handler failed for msgcode 20009: [scene-overloaded] scene gate_1 outbound queue is full
[error] [map_1] [err 1005] message handler failed for msgcode 20009: [scene-overloaded] scene gate_1 outbound queue is full
[error] [map_1] [err 1005] message handler failed for msgcode 20009: [scene-overloaded] scene gate_1 outbound queue is full
[error] [map_1] [err 1005] message handler failed for msgcode 20009: [scene-overloaded] scene gate_1 outbound queue is full
[error] [map_1] [err 1005] message handler failed for msgcode 20009: [scene-overloaded] scene gate_1 outbound queue is full
[error] [map_1] [err 1005] message handler failed for msgcode 20009: [scene-overloaded] scene gate_1 outbound queue is full
[error] [map_1] [err 1005] message handler failed for msgcode 20009: [scene-overloaded] scene gate_1 outbound queue is full
[error] [map_1] [err 1005] message handler failed for msgcode 20009: [scene-overloaded] scene gate_1 outbound queue is full
[error] [map_1] [err 1005] message handler failed for msgcode 20009: [scene-overloaded] scene gate_1 outbound queue is full
[error] [map_1] [err 1005] message handler failed for msgcode 20009: [scene-overloaded] scene gate_1 outbound queue is full
[error] [map_1] [err 1005] message handler failed for msgcode 20009: [scene-overloaded] scene gate_1 outbound queue is full
[error] [map_1] [err 1005] message handler failed for msgcode 20009: [scene-overloaded] scene gate_1 outbound queue is full
[error] [map_1] [err 1005] message handler failed for msgcode 20009: [scene-overloaded] scene gate_1 outbound queue is full
[error] [map_1] [err 1005] message handler failed for msgcode 20009: [scene-overloaded] scene gate_1 outbound queue is full
[error] [map_1] [err 1005] message handler failed for msgcode 20009: [scene-overloaded] scene gate_1 outbound queue is full
[error] [map_1] [err 1005] message handler failed for msgcode 20009: [scene-overloaded] scene gate_1 outbound queue is full
[error] [map_1] [err 1005] message handler failed for msgcode 20009: [scene-overloaded] scene gate_1 outbound queue is full
[error] [map_1] [err 1005] message handler failed for msgcode 20009: [scene-overloaded] scene gate_1 outbound queue is full
[error] [map_1] [err 1005] message handler failed for msgcode 20009: [scene-overloaded] scene gate_1 outbound queue is full
[error] [map_1] [err 1005] message handler failed for msgcode 20009: [scene-overloaded] scene gate_1 outbound queue is full
[error] [map_1] [err 1005] message handler failed for msgcode 20009: [scene-overloaded] scene gate_1 outbound queue is full
[error] [map_1] [err 1005] message handler failed for msgcode 20009: [scene-overloaded] scene gate_1 outbound queue is full
[error] [map_1] [err 1005] message handler failed for msgcode 20009: [scene-overloaded] scene gate_1 outbound queue is full
[error] [map_1] [err 1005] message handler failed for msgcode 20009: [scene-overloaded] scene gate_1 outbound queue is full
[error] [map_1] [err 1005] message handler failed for msgcode 20009: [scene-overloaded] scene gate_1 outbound queue is full
[error] [map_1] [err 1005] message handler failed for msgcode 20009: [scene-overloaded] scene gate_1 outbound queue is full
[error] [map_1] [err 1005] message handler failed for msgcode 20009: [scene-overloaded] scene gate_1 outbound queue is full
[error] [map_1] [err 1005] message handler failed for msgcode 20009: [scene-overloaded] scene gate_1 outbound queue is full
[error] [map_1] [err 1005] message handler failed for msgcode 20009: [scene-overloaded] scene gate_1 outbound queue is full
[error] [map_1] [err 1005] message handler failed for msgcode 20009: [scene-overloaded] scene gate_1 outbound queue is full
[error] [map_1] [err 1005] message handler failed for msgcode 20009: [scene-overloaded] scene gate_1 outbound queue is full
[error] [map_1] [err 1005] message handler failed for msgcode 20009: [scene-overloaded] scene gate_1 outbound queue is full
[error] [map_1] [err 1005] message handler failed for msgcode 20009: [scene-overloaded] scene gate_1 outbound queue is full
[error] [map_1] [err 1005] message handler failed for msgcode 20009: [scene-overloaded] scene gate_1 outbound queue is full
[error] [map_1] [err 1005] message handler failed for msgcode 20009: [scene-overloaded] scene gate_1 outbound queue is full
[error] [map_1] [err 1005] message handler failed for msgcode 20009: [scene-overloaded] scene gate_1 outbound queue is full
[error] [map_1] [err 1005] message handler failed for msgcode 20009: [scene-overloaded] scene gate_1 outbound queue is full
[error] [map_1] [err 1005] message handler failed for msgcode 20009: [scene-overloaded] scene gate_1 outbound queue is full
[error] [map_1] [err 1005] message handler failed for msgcode 20009: [scene-overloaded] scene gate_1 outbound queue is full
[error] [map_1] [err 1005] message handler failed for msgcode 20009: [scene-overloaded] scene gate_1 outbound queue is full
[error] [map_1] [err 1005] message handler failed for msgcode 20009: [scene-overloaded] scene gate_1 outbound queue is full
[error] [map_1] [err 1005] message handler failed for msgcode 20009: [scene-overloaded] scene gate_1 outbound queue is full
[error] [map_1] [err 1005] message handler failed for msgcode 20009: [scene-overloaded] scene gate_1 outbound queue is full
[error] [map_1] [err 1005] message handler failed for msgcode 20009: [scene-overloaded] scene gate_1 outbound queue is full
[error] [map_1] [err 1005] message handler failed for msgcode 20009: [scene-overloaded] scene gate_1 outbound queue is full
[error] [map_1] [err 1005] message handler failed for msgcode 20009: [scene-overloaded] scene gate_1 outbound queue is full
[error] [map_1] [err 1005] message handler failed for msgcode 20009: [scene-overloaded] scene gate_1 outbound queue is full
[error] [map_1] [err 1005] message handler failed for msgcode 20009: [scene-overloaded] scene gate_1 outbound queue is full
[error] [map_1] [err 1005] message handler failed for msgcode 20009: [scene-overloaded] scene gate_1 outbound queue is full
[error] [map_1] [err 1005] message handler failed for msgcode 20009: [scene-overloaded] scene gate_1 outbound queue is full
[error] [map_1] [err 1005] message handler failed for msgcode 20009: [scene-overloaded] scene gate_1 outbound queue is full
[error] [map_1] [err 1005] message handler failed for msgcode 20009: [scene-overloaded] scene gate_1 outbound queue is full
[error] [map_1] [err 1005] message handler failed for msgcode 20009: [scene-overloaded] scene gate_1 outbound queue is full
[error] [map_1] [err 1005] message handler failed for msgcode 20009: [scene-overloaded] scene gate_1 outbound queue is full
[error] [map_1] [err 1005] message handler failed for msgcode 20009: [scene-overloaded] scene gate_1 outbound queue is full
[error] [map_1] [err 1005] message handler failed for msgcode 20009: [scene-overloaded] scene gate_1 outbound queue is full
[error] [map_1] [err 1005] message handler failed for msgcode 20009: [scene-overloaded] scene gate_1 outbound queue is full
[error] [map_1] [err 1005] message handler failed for msgcode 20009: [scene-overloaded] scene gate_1 outbound queue is full
[error] [map_1] [err 1005] message handler failed for msgcode 20009: [scene-overloaded] scene gate_1 outbound queue is full
[error] [map_1] [err 1005] message handler failed for msgcode 20009: [scene-overloaded] scene gate_1 outbound queue is full
[error] [map_1] [err 1005] message handler failed for msgcode 20009: [scene-overloaded] scene gate_1 outbound queue is full
[error] [map_1] [err 1005] message handler failed for msgcode 20009: [scene-overloaded] scene gate_1 outbound queue is full
[error] [map_1] [err 1005] message handler failed for msgcode 20009: [scene-overloaded] scene gate_1 outbound queue is full
[error] [map_1] [err 1005] message handler failed for msgcode 20009: [scene-overloaded] scene gate_1 outbound queue is full
[error] [map_1] [err 1005] message handler failed for msgcode 20009: [scene-overloaded] scene gate_1 outbound queue is full
[error] [map_1] [err 1005] message handler failed for msgcode 20009: [scene-overloaded] scene gate_1 outbound queue is full
[error] [map_1] [err 1005] message handler failed for msgcode 20009: [scene-overloaded] scene gate_1 outbound queue is full
[error] [map_1] [err 1005] message handler failed for msgcode 20009: [scene-overloaded] scene gate_1 outbound queue is full
[error] [map_1] [err 1005] message handler failed for msgcode 20009: [scene-overloaded] scene gate_1 outbound queue is full
[error] [map_1] [err 1005] message handler failed for msgcode 20009: [scene-overloaded] scene gate_1 outbound queue is full
[error] [map_1] [err 1005] message handler failed for msgcode 20009: [scene-overloaded] scene gate_1 outbound queue is full
[error] [map_1] [err 1005] message handler failed for msgcode 20009: [scene-overloaded] scene gate_1 outbound queue is full
[error] [map_1] [err 1005] message handler failed for msgcode 20009: [scene-overloaded] scene gate_1 outbound queue is full
[error] [map_1] [err 1005] message handler failed for msgcode 20009: [scene-overloaded] scene gate_1 outbound queue is full
[error] [map_1] [err 1005] message handler failed for msgcode 20009: [scene-overloaded] scene gate_1 outbound queue is full
[error] [map_1] [err 1005] message handler failed for msgcode 20009: [scene-overloaded] scene gate_1 outbound queue is full
[error] [map_1] [err 1005] message handler failed for msgcode 20009: [scene-overloaded] scene gate_1 outbound queue is full
[error] [map_1] [err 1005] message handler failed for msgcode 20009: [scene-overloaded] scene gate_1 outbound queue is full
[error] [map_1] [err 1005] message handler failed for msgcode 20009: [scene-overloaded] scene gate_1 outbound queue is full
[error] [map_1] [err 1005] message handler failed for msgcode 20009: [scene-overloaded] scene gate_1 outbound queue is full
[error] [map_1] [err 1005] message handler failed for msgcode 20009: [scene-overloaded] scene gate_1 outbound queue is full
[error] [map_1] [err 1005] message handler failed for msgcode 20009: [scene-overloaded] scene gate_1 outbound queue is full
[error] [map_1] [err 1005] message handler failed for msgcode 20009: [scene-overloaded] scene gate_1 outbound queue is full
[error] [map_1] [err 1005] message handler failed for msgcode 20009: [scene-overloaded] scene gate_1 outbound queue is full
[error] [map_1] [err 1005] message handler failed for msgcode 20009: [scene-overloaded] scene gate_1 outbound queue is full
[error] [map_1] [err 1005] message handler failed for msgcode 20009: [scene-overloaded] scene gate_1 outbound queue is full
[error] [map_1] [err 1005] message handler failed for msgcode 20009: [scene-overloaded] scene gate_1 outbound queue is full
[error] [map_1] [err 1005] message handler failed for msgcode 20009: [scene-overloaded] scene gate_1 outbound queue is full
[error] [map_1] [err 1005] message handler failed for msgcode 20009: [scene-overloaded] scene gate_1 outbound queue is full
[error] [map_1] [err 1005] message handler failed for msgcode 20009: [scene-overloaded] scene gate_1 outbound queue is full
[error] [map_1] [err 1005] message handler failed for msgcode 20009: [scene-overloaded] scene gate_1 outbound queue is full
[error] [map_1] [err 1005] message handler failed for msgcode 20009: [scene-overloaded] scene gate_1 outbound queue is full
[error] [map_1] [err 1005] message handler failed for msgcode 20009: [scene-overloaded] scene gate_1 outbound queue is full
[error] [map_1] [err 1005] message handler failed for msgcode 20009: [scene-overloaded] scene gate_1 outbound queue is full
[error] [map_1] [err 1005] message handler failed for msgcode 20009: [scene-overloaded] scene gate_1 outbound queue is full
[error] [map_1] [err 1005] message handler failed for msgcode 20009: [scene-overloaded] scene gate_1 outbound queue is full
[error] [map_1] [err 1005] message handler failed for msgcode 20009: [scene-overloaded] scene gate_1 outbound queue is full
[error] [map_1] [err 1005] message handler failed for msgcode 20009: [scene-overloaded] scene gate_1 outbound queue is full
[error] [map_1] [err 1005] message handler failed for msgcode 20009: [scene-overloaded] scene gate_1 outbound queue is full
[error] [map_1] [err 1005] message handler failed for msgcode 20009: [scene-overloaded] scene gate_1 outbound queue is full
[error] [map_1] [err 1005] message handler failed for msgcode 20009: [scene-overloaded] scene gate_1 outbound queue is full
[error] [map_1] [err 1005] message handler failed for msgcode 20009: [scene-overloaded] scene gate_1 outbound queue is full
[error] [map_1] [err 1005] message handler failed for msgcode 20009: [scene-overloaded] scene gate_1 outbound queue is full
[error] [map_1] [err 1005] message handler failed for msgcode 20009: [scene-overloaded] scene gate_1 outbound queue is full
[error] [map_1] [err 1005] message handler failed for msgcode 20009: [scene-overloaded] scene gate_1 outbound queue is full
[error] [map_1] [err 1005] message handler failed for msgcode 20009: [scene-overloaded] scene gate_1 outbound queue is full
[error] [map_1] [err 1005] message handler failed for msgcode 20009: [scene-overloaded] scene gate_1 outbound queue is full
[error] [map_1] [err 1005] message handler failed for msgcode 20009: [scene-overloaded] scene gate_1 outbound queue is full
[error] [map_1] [err 1005] message handler failed for msgcode 20009: [scene-overloaded] scene gate_1 outbound queue is full
[error] [map_1] [err 1005] message handler failed for msgcode 20009: [scene-overloaded] scene gate_1 outbound queue is full
[error] [map_1] [err 1005] message handler failed for msgcode 20009: [scene-overloaded] scene gate_1 outbound queue is full
[error] [map_1] [err 1005] message handler failed for msgcode 20009: [scene-overloaded] scene gate_1 outbound queue is full
[error] [map_1] [err 1005] message handler failed for msgcode 20009: [scene-overloaded] scene gate_1 outbound queue is full
[error] [map_1] [err 1005] message handler failed for msgcode 20009: [scene-overloaded] scene gate_1 outbound queue is full
[error] [map_1] [err 1005] message handler failed for msgcode 20009: [scene-overloaded] scene gate_1 outbound queue is full
[error] [map_1] [err 1005] message handler failed for msgcode 20009: [scene-overloaded] scene gate_1 outbound queue is full
[error] [map_1] [err 1005] message handler failed for msgcode 20009: [scene-overloaded] scene gate_1 outbound queue is full
[error] [map_1] [err 1005] message handler failed for msgcode 20009: [scene-overloaded] scene gate_1 outbound queue is full
[error] [map_1] [err 1005] message handler failed for msgcode 20009: [scene-overloaded] scene gate_1 outbound queue is full
[error] [map_1] [err 1005] message handler failed for msgcode 20009: [scene-overloaded] scene gate_1 outbound queue is full
[error] [map_1] [err 1005] message handler failed for msgcode 20009: [scene-overloaded] scene gate_1 outbound queue is full
[error] [map_1] [err 1005] message handler failed for msgcode 20009: [scene-overloaded] scene gate_1 outbound queue is full
[error] [map_1] [err 1005] message handler failed for msgcode 20009: [scene-overloaded] scene gate_1 outbound queue is full
[error] [map_1] [err 1005] message handler failed for msgcode 20009: [scene-overloaded] scene gate_1 outbound queue is full
[error] [map_1] [err 1005] message handler failed for msgcode 20009: [scene-overloaded] scene gate_1 outbound queue is full
[error] [map_1] [err 1005] message handler failed for msgcode 20009: [scene-overloaded] scene gate_1 outbound queue is full
[error] [map_1] [err 1005] message handler failed for msgcode 20009: [scene-overloaded] scene gate_1 outbound queue is full
[error] [map_1] [err 1005] message handler failed for msgcode 20009: [scene-overloaded] scene gate_1 outbound queue is full
[error] [map_1] [err 1005] message handler failed for msgcode 20009: [scene-overloaded] scene gate_1 outbound queue is full
[error] [map_1] [err 1005] message handler failed for msgcode 20009: [scene-overloaded] scene gate_1 outbound queue is full
[error] [map_1] [err 1005] message handler failed for msgcode 20009: [scene-overloaded] scene gate_1 outbound queue is full
[error] [map_1] [err 1005] message handler failed for msgcode 20009: [scene-overloaded] scene gate_1 outbound queue is full
[error] [map_1] [err 1005] message handler failed for msgcode 20009: [scene-overloaded] scene gate_1 outbound queue is full
[error] [map_1] [err 1005] message handler failed for msgcode 20009: [scene-overloaded] scene gate_1 outbound queue is full
[error] [map_1] [err 1005] message handler failed for msgcode 20009: [scene-overloaded] scene gate_1 outbound queue is full
[error] [map_1] [err 1005] message handler failed for msgcode 20009: [scene-overloaded] scene gate_1 outbound queue is full
[error] [map_1] [err 1005] message handler failed for msgcode 20009: [scene-overloaded] scene gate_1 outbound queue is full
[error] [map_1] [err 1005] message handler failed for msgcode 20009: [scene-overloaded] scene gate_1 outbound queue is full
[error] [map_1] [err 1005] message handler failed for msgcode 20009: [scene-overloaded] scene gate_1 outbound queue is full
[error] [map_1] [err 1005] message handler failed for msgcode 20009: [scene-overloaded] scene gate_1 outbound queue is full
[error] [map_1] [err 1005] message handler failed for msgcode 20009: [scene-overloaded] scene gate_1 outbound queue is full
[error] [map_1] [err 1005] message handler failed for msgcode 20009: [scene-overloaded] scene gate_1 outbound queue is full
[error] [map_1] [err 1005] message handler failed for msgcode 20009: [scene-overloaded] scene gate_1 outbound queue is full
[error] [map_1] [err 1005] message handler failed for msgcode 20009: [scene-overloaded] scene gate_1 outbound queue is full
[error] [map_1] [err 1005] message handler failed for msgcode 20009: [scene-overloaded] scene gate_1 outbound queue is full
[error] [map_1] [err 1005] message handler failed for msgcode 20009: [scene-overloaded] scene gate_1 outbound queue is full
[error] [map_1] [err 1005] message handler failed for msgcode 20009: [scene-overloaded] scene gate_1 outbound queue is full
[error] [map_1] [err 1005] message handler failed for msgcode 20009: [scene-overloaded] scene gate_1 outbound queue is full
[error] [map_1] [err 1005] message handler failed for msgcode 20009: [scene-overloaded] scene gate_1 outbound queue is full
[error] [map_1] [err 1005] message handler failed for msgcode 20009: [scene-overloaded] scene gate_1 outbound queue is full
[error] [map_1] [err 1005] message handler failed for msgcode 20009: [scene-overloaded] scene gate_1 outbound queue is full
[error] [map_1] [err 1005] message handler failed for msgcode 20009: [scene-overloaded] scene gate_1 outbound queue is full
[error] [map_1] [err 1005] message handler failed for msgcode 20009: [scene-overloaded] scene gate_1 outbound queue is full
[error] [map_1] [err 1005] message handler failed for msgcode 20009: [scene-overloaded] scene gate_1 outbound queue is full
[error] [map_1] [err 1005] message handler failed for msgcode 20009: [scene-overloaded] scene gate_1 outbound queue is full
[error] [map_1] [err 1005] message handler failed for msgcode 20009: [scene-overloaded] scene gate_1 outbound queue is full
[error] [map_1] [err 1005] message handler failed for msgcode 20009: [scene-overloaded] scene gate_1 outbound queue is full
[error] [map_1] [err 1005] message handler failed for msgcode 20009: [scene-overloaded] scene gate_1 outbound queue is full
[error] [map_1] [err 1005] message handler failed for msgcode 20009: [scene-overloaded] scene gate_1 outbound queue is full
[error] [map_1] [err 1005] message handler failed for msgcode 20009: [scene-overloaded] scene gate_1 outbound queue is full
[error] [map_1] [err 1005] message handler failed for msgcode 20009: [scene-overloaded] scene gate_1 outbound queue is full
[error] [map_1] [err 1005] message handler failed for msgcode 20009: [scene-overloaded] scene gate_1 outbound queue is full
[error] [map_1] [err 1005] message handler failed for msgcode 20009: [scene-overloaded] scene gate_1 outbound queue is full
[error] [map_1] [err 1005] message handler failed for msgcode 20009: [scene-overloaded] scene gate_1 outbound queue is full
[error] [map_1] [err 1005] message handler failed for msgcode 20009: [scene-overloaded] scene gate_1 outbound queue is full
[error] [map_1] [err 1005] message handler failed for msgcode 20009: [scene-overloaded] scene gate_1 outbound queue is full
[error] [map_1] [err 1005] message handler failed for msgcode 20009: [scene-overloaded] scene gate_1 outbound queue is full
[error] [map_1] [err 1005] message handler failed for msgcode 20009: [scene-overloaded] scene gate_1 outbound queue is full
[error] [map_1] [err 1005] message handler failed for msgcode 20009: [scene-overloaded] scene gate_1 outbound queue is full
[error] [map_1] [err 1005] message handler failed for msgcode 20009: [scene-overloaded] scene gate_1 outbound queue is full
[error] [map_1] [err 1005] message handler failed for msgcode 20009: [scene-overloaded] scene gate_1 outbound queue is full
[error] [map_1] [err 1005] message handler failed for msgcode 20009: [scene-overloaded] scene gate_1 outbound queue is full
[error] [map_1] [err 1005] message handler failed for msgcode 20009: [scene-overloaded] scene gate_1 outbound queue is full
[error] [map_1] [err 1005] message handler failed for msgcode 20009: [scene-overloaded] scene gate_1 outbound queue is full
[error] [map_1] [err 1005] message handler failed for msgcode 20009: [scene-overloaded] scene gate_1 outbound queue is full
[error] [map_1] [err 1005] message handler failed for msgcode 20009: [scene-overloaded] scene gate_1 outbound queue is full
[error] [map_1] [err 1005] message handler failed for msgcode 20009: [scene-overloaded] scene gate_1 outbound queue is full
[error] [map_1] [err 1005] message handler failed for msgcode 20009: [scene-overloaded] scene gate_1 outbound queue is full
[error] [map_1] [err 1005] message handler failed for msgcode 20009: [scene-overloaded] scene gate_1 outbound queue is full
[error] [map_1] [err 1005] message handler failed for msgcode 20009: [scene-overloaded] scene gate_1 outbound queue is full
[error] [map_1] [err 1005] message handler failed for msgcode 20009: [scene-overloaded] scene gate_1 outbound queue is full
[error] [map_1] [err 1005] message handler failed for msgcode 20009: [scene-overloaded] scene gate_1 outbound queue is full
[error] [map_1] [err 1005] message handler failed for msgcode 20009: [scene-overloaded] scene gate_1 outbound queue is full
[error] [map_1] [err 1005] message handler failed for msgcode 20009: [scene-overloaded] scene gate_1 outbound queue is full
[error] [map_1] [err 1005] message handler failed for msgcode 20009: [scene-overloaded] scene gate_1 outbound queue is full
[error] [map_1] [err 1005] message handler failed for msgcode 20009: [scene-overloaded] scene gate_1 outbound queue is full
[error] [map_1] [err 1005] message handler failed for msgcode 20009: [scene-overloaded] scene gate_1 outbound queue is full
[error] [map_1] [err 1005] message handler failed for msgcode 20009: [scene-overloaded] scene gate_1 outbound queue is full
[error] [map_1] [err 1005] message handler failed for msgcode 20009: [scene-overloaded] scene gate_1 outbound queue is full
[error] [map_1] [err 1005] message handler failed for msgcode 20009: [scene-overloaded] scene gate_1 outbound queue is full
[error] [map_1] [err 1005] message handler failed for msgcode 20009: [scene-overloaded] scene gate_1 outbound queue is full
[error] [map_1] [err 1005] message handler failed for msgcode 20009: [scene-overloaded] scene gate_1 outbound queue is full
[error] [map_1] [err 1005] message handler failed for msgcode 20009: [scene-overloaded] scene gate_1 outbound queue is full
[error] [map_1] [err 1005] message handler failed for msgcode 20009: [scene-overloaded] scene gate_1 outbound queue is full
[error] [map_1] [err 1005] message handler failed for msgcode 20009: [scene-overloaded] scene gate_1 outbound queue is full
[error] [map_1] [err 1005] message handler failed for msgcode 20009: [scene-overloaded] scene gate_1 outbound queue is full
[error] [map_1] [err 1005] message handler failed for msgcode 20009: [scene-overloaded] scene gate_1 outbound queue is full
[error] [map_1] [err 1005] message handler failed for msgcode 20009: [scene-overloaded] scene gate_1 outbound queue is full
[error] [map_1] [err 1005] message handler failed for msgcode 20009: [scene-overloaded] scene gate_1 outbound queue is full
[error] [map_1] [err 1005] message handler failed for msgcode 20009: [scene-overloaded] scene gate_1 outbound queue is full
[error] [map_1] [err 1005] message handler failed for msgcode 20009: [scene-overloaded] scene gate_1 outbound queue is full
[error] [map_1] [err 1005] message handler failed for msgcode 20009: [scene-overloaded] scene gate_1 outbound queue is full
[error] [map_1] [err 1005] message handler failed for msgcode 20009: [scene-overloaded] scene gate_1 outbound queue is full
[error] [map_1] [err 1005] message handler failed for msgcode 20009: [scene-overloaded] scene gate_1 outbound queue is full
[error] [map_1] [err 1005] message handler failed for msgcode 20009: [scene-overloaded] scene gate_1 outbound queue is full
[error] [map_1] [err 1005] message handler failed for msgcode 20009: [scene-overloaded] scene gate_1 outbound queue is full
[error] [map_1] [err 1005] message handler failed for msgcode 20009: [scene-overloaded] scene gate_1 outbound queue is full
[error] [map_1] [err 1005] message handler failed for msgcode 20009: [scene-overloaded] scene gate_1 outbound queue is full
[error] [map_1] [err 1005] message handler failed for msgcode 20009: [scene-overloaded] scene gate_1 outbound queue is full
[error] [map_1] [err 1005] message handler failed for msgcode 20009: [scene-overloaded] scene gate_1 outbound queue is full
[error] [map_1] [err 1005] message handler failed for msgcode 20009: [scene-overloaded] scene gate_1 outbound queue is full
[error] [map_1] [err 1005] message handler failed for msgcode 20009: [scene-overloaded] scene gate_1 outbound queue is full
[error] [map_1] [err 1005] message handler failed for msgcode 20009: [scene-overloaded] scene gate_1 outbound queue is full
[error] [map_1] [err 1005] message handler failed for msgcode 20009: [scene-overloaded] scene gate_1 outbound queue is full
[error] [map_1] [err 1005] message handler failed for msgcode 20009: [scene-overloaded] scene gate_1 outbound queue is full
[error] [map_1] [err 1005] message handler failed for msgcode 20009: [scene-overloaded] scene gate_1 outbound queue is full
[error] [map_1] [err 1005] message handler failed for msgcode 20009: [scene-overloaded] scene gate_1 outbound queue is full
[error] [map_1] [err 1005] message handler failed for msgcode 20009: [scene-overloaded] scene gate_1 outbound queue is full
[error] [map_1] [err 1005] message handler failed for msgcode 20009: [scene-overloaded] scene gate_1 outbound queue is full
[error] [map_1] [err 1005] message handler failed for msgcode 20009: [scene-overloaded] scene gate_1 outbound queue is full
[error] [map_1] [err 1005] message handler failed for msgcode 20009: [scene-overloaded] scene gate_1 outbound queue is full
[error] [map_1] [err 1005] message handler failed for msgcode 20009: [scene-overloaded] scene gate_1 outbound queue is full
[error] [map_1] [err 1005] message handler failed for msgcode 20009: [scene-overloaded] scene gate_1 outbound queue is full
[error] [map_1] [err 1005] message handler failed for msgcode 20009: [scene-overloaded] scene gate_1 outbound queue is full
[error] [map_1] [err 1005] message handler failed for msgcode 20009: [scene-overloaded] scene gate_1 outbound queue is full
[error] [map_1] [err 1005] message handler failed for msgcode 20009: [scene-overloaded] scene gate_1 outbound queue is full
[error] [map_1] [err 1005] message handler failed for msgcode 20009: [scene-overloaded] scene gate_1 outbound queue is full
[error] [map_1] [err 1005] message handler failed for msgcode 20009: [scene-overloaded] scene gate_1 outbound queue is full
[error] [map_1] [err 1005] message handler failed for msgcode 20009: [scene-overloaded] scene gate_1 outbound queue is full
[error] [map_1] [err 1005] message handler failed for msgcode 20009: [scene-overloaded] scene gate_1 outbound queue is full
[error] [map_1] [err 1005] message handler failed for msgcode 20009: [scene-overloaded] scene gate_1 outbound queue is full
[error] [map_1] [err 1005] message handler failed for msgcode 20009: [scene-overloaded] scene gate_1 outbound queue is full
[error] [map_1] [err 1005] message handler failed for msgcode 20009: [scene-overloaded] scene gate_1 outbound queue is full
[error] [map_1] [err 1005] message handler failed for msgcode 20009: [scene-overloaded] scene gate_1 outbound queue is full
[error] [map_1] [err 1005] message handler failed for msgcode 20009: [scene-overloaded] scene gate_1 outbound queue is full
[error] [map_1] [err 1005] message handler failed for msgcode 20009: [scene-overloaded] scene gate_1 outbound queue is full
[error] [map_1] [err 1005] message handler failed for msgcode 20009: [scene-overloaded] scene gate_1 outbound queue is full
[error] [map_1] [err 1005] message handler failed for msgcode 20009: [scene-overloaded] scene gate_1 outbound queue is full
[error] [map_1] [err 1005] message handler failed for msgcode 20009: [scene-overloaded] scene gate_1 outbound queue is full
[error] [map_1] [err 1005] message handler failed for msgcode 20009: [scene-overloaded] scene gate_1 outbound queue is full
[error] [map_1] [err 1005] message handler failed for msgcode 20009: [scene-overloaded] scene gate_1 outbound queue is full
[error] [map_1] [err 1005] message handler failed for msgcode 20009: [scene-overloaded] scene gate_1 outbound queue is full
[error] [map_1] [err 1005] message handler failed for msgcode 20009: [scene-overloaded] scene gate_1 outbound queue is full
[error] [map_1] [err 1005] message handler failed for msgcode 20009: [scene-overloaded] scene gate_1 outbound queue is full
[error] [map_1] [err 1005] message handler failed for msgcode 20009: [scene-overloaded] scene gate_1 outbound queue is full
[error] [map_1] [err 1005] message handler failed for msgcode 20009: [scene-overloaded] scene gate_1 outbound queue is full
[error] [map_1] [err 1005] message handler failed for msgcode 20009: [scene-overloaded] scene gate_1 outbound queue is full
[error] [map_1] [err 1005] message handler failed for msgcode 20009: [scene-overloaded] scene gate_1 outbound queue is full
[error] [map_1] [err 1005] message handler failed for msgcode 20009: [scene-overloaded] scene gate_1 outbound queue is full
[error] [map_1] [err 1005] message handler failed for msgcode 20009: [scene-overloaded] scene gate_1 outbound queue is full
[error] [map_1] [err 1005] message handler failed for msgcode 20009: [scene-overloaded] scene gate_1 outbound queue is full
[error] [map_1] [err 1005] message handler failed for msgcode 20009: [scene-overloaded] scene gate_1 outbound queue is full
[error] [map_1] [err 1005] message handler failed for msgcode 20009: [scene-overloaded] scene gate_1 outbound queue is full
[error] [map_1] [err 1005] message handler failed for msgcode 20009: [scene-overloaded] scene gate_1 outbound queue is full
[error] [map_1] [err 1005] message handler failed for msgcode 20009: [scene-overloaded] scene gate_1 outbound queue is full
[error] [map_1] [err 1005] message handler failed for msgcode 20009: [scene-overloaded] scene gate_1 outbound queue is full
[error] [map_1] [err 1005] message handler failed for msgcode 20009: [scene-overloaded] scene gate_1 outbound queue is full
[error] [map_1] [err 1005] message handler failed for msgcode 20009: [scene-overloaded] scene gate_1 outbound queue is full
[error] [map_1] [err 1005] message handler failed for msgcode 20009: [scene-overloaded] scene gate_1 outbound queue is full
[error] [map_1] [err 1005] message handler failed for msgcode 20009: [scene-overloaded] scene gate_1 outbound queue is full
[error] [map_1] [err 1005] message handler failed for msgcode 20009: [scene-overloaded] scene gate_1 outbound queue is full
[error] [map_1] [err 1005] message handler failed for msgcode 20009: [scene-overloaded] scene gate_1 outbound queue is full
[error] [map_1] [err 1005] message handler failed for msgcode 20009: [scene-overloaded] scene gate_1 outbound queue is full
[error] [map_1] [err 1005] message handler failed for msgcode 20009: [scene-overloaded] scene gate_1 outbound queue is full
[error] [map_1] [err 1005] message handler failed for msgcode 20009: [scene-overloaded] scene gate_1 outbound queue is full
[error] [map_1] [err 1005] message handler failed for msgcode 20009: [scene-overloaded] scene gate_1 outbound queue is full
[error] [map_1] [err 1005] message handler failed for msgcode 20009: [scene-overloaded] scene gate_1 outbound queue is full
[error] [map_1] [err 1005] message handler failed for msgcode 20009: [scene-overloaded] scene gate_1 outbound queue is full
[error] [map_1] [err 1005] message handler failed for msgcode 20009: [scene-overloaded] scene gate_1 outbound queue is full
[error] [map_1] [err 1005] message handler failed for msgcode 20009: [scene-overloaded] scene gate_1 outbound queue is full
[error] [map_1] [err 1005] message handler failed for msgcode 20009: [scene-overloaded] scene gate_1 outbound queue is full
[error] [map_1] [err 1005] message handler failed for msgcode 20009: [scene-overloaded] scene gate_1 outbound queue is full
[error] [map_1] [err 1005] message handler failed for msgcode 20009: [scene-overloaded] scene gate_1 outbound queue is full
[error] [map_1] [err 1005] message handler failed for msgcode 20009: [scene-overloaded] scene gate_1 outbound queue is full
[error] [map_1] [err 1005] message handler failed for msgcode 20009: [scene-overloaded] scene gate_1 outbound queue is full
[error] [map_1] [err 1005] message handler failed for msgcode 20009: [scene-overloaded] scene gate_1 outbound queue is full
[error] [map_1] [err 1005] message handler failed for msgcode 20009: [scene-overloaded] scene gate_1 outbound queue is full
[error] [map_1] [err 1005] message handler failed for msgcode 20009: [scene-overloaded] scene gate_1 outbound queue is full
[error] [map_1] [err 1005] message handler failed for msgcode 20009: [scene-overloaded] scene gate_1 outbound queue is full
[error] [map_1] [err 1005] message handler failed for msgcode 20009: [scene-overloaded] scene gate_1 outbound queue is full
[error] [map_1] [err 1005] message handler failed for msgcode 20009: [scene-overloaded] scene gate_1 outbound queue is full
[error] [map_1] [err 1005] message handler failed for msgcode 20009: [scene-overloaded] scene gate_1 outbound queue is full
[error] [map_1] [err 1005] message handler failed for msgcode 20009: [scene-overloaded] scene gate_1 outbound queue is full
[error] [map_1] [err 1005] message handler failed for msgcode 20009: [scene-overloaded] scene gate_1 outbound queue is full
[error] [map_1] [err 1005] message handler failed for msgcode 20009: [scene-overloaded] scene gate_1 outbound queue is full
[error] [map_1] [err 1005] message handler failed for msgcode 20009: [scene-overloaded] scene gate_1 outbound queue is full
[error] [map_1] [err 1005] message handler failed for msgcode 20009: [scene-overloaded] scene gate_1 outbound queue is full
[error] [map_1] [err 1005] message handler failed for msgcode 20009: [scene-overloaded] scene gate_1 outbound queue is full
[error] [map_1] [err 1005] message handler failed for msgcode 20009: [scene-overloaded] scene gate_1 outbound queue is full
[error] [map_1] [err 1005] message handler failed for msgcode 20009: [scene-overloaded] scene gate_1 outbound queue is full
[error] [map_1] [err 1005] message handler failed for msgcode 20009: [scene-overloaded] scene gate_1 outbound queue is full
[error] [map_1] [err 1005] message handler failed for msgcode 20009: [scene-overloaded] scene gate_1 outbound queue is full
[error] [map_1] [err 1005] message handler failed for msgcode 20009: [scene-overloaded] scene gate_1 outbound queue is full
[error] [map_1] [err 1005] message handler failed for msgcode 20009: [scene-overloaded] scene gate_1 outbound queue is full
[error] [map_1] [err 1005] message handler failed for msgcode 20009: [scene-overloaded] scene gate_1 outbound queue is full
[error] [map_1] [err 1005] message handler failed for msgcode 20009: [scene-overloaded] scene gate_1 outbound queue is full
[error] [map_1] [err 1005] message handler failed for msgcode 20009: [scene-overloaded] scene gate_1 outbound queue is full
[error] [map_1] [err 1005] message handler failed for msgcode 20009: [scene-overloaded] scene gate_1 outbound queue is full
[error] [map_1] [err 1005] message handler failed for msgcode 20009: [scene-overloaded] scene gate_1 outbound queue is full
[error] [map_1] [err 1005] message handler failed for msgcode 20009: [scene-overloaded] scene gate_1 outbound queue is full
[error] [map_1] [err 1005] message handler failed for msgcode 20009: [scene-overloaded] scene gate_1 outbound queue is full
[error] [map_1] [err 1005] message handler failed for msgcode 20009: [scene-overloaded] scene gate_1 outbound queue is full
[error] [map_1] [err 1005] message handler failed for msgcode 20009: [scene-overloaded] scene gate_1 outbound queue is full
[error] [map_1] [err 1005] message handler failed for msgcode 20009: [scene-overloaded] scene gate_1 outbound queue is full
[error] [map_1] [err 1005] message handler failed for msgcode 20009: [scene-overloaded] scene gate_1 outbound queue is full
[error] [map_1] [err 1005] message handler failed for msgcode 20009: [scene-overloaded] scene gate_1 outbound queue is full
[error] [map_1] [err 1005] message handler failed for msgcode 20009: [scene-overloaded] scene gate_1 outbound queue is full
[error] [map_1] [err 1005] message handler failed for msgcode 20009: [scene-overloaded] scene gate_1 outbound queue is full
[error] [map_1] [err 1005] message handler failed for msgcode 20009: [scene-overloaded] scene gate_1 outbound queue is full
[error] [map_1] [err 1005] message handler failed for msgcode 20009: [scene-overloaded] scene gate_1 outbound queue is full
[error] [map_1] [err 1005] message handler failed for msgcode 20009: [scene-overloaded] scene gate_1 outbound queue is full
[error] [map_1] [err 1005] message handler failed for msgcode 20009: [scene-overloaded] scene gate_1 outbound queue is full
[error] [map_1] [err 1005] message handler failed for msgcode 20009: [scene-overloaded] scene gate_1 outbound queue is full
[error] [map_1] [err 1005] message handler failed for msgcode 20009: [scene-overloaded] scene gate_1 outbound queue is full
[error] [map_1] [err 1005] message handler failed for msgcode 20009: [scene-overloaded] scene gate_1 outbound queue is full
[error] [map_1] [err 1005] message handler failed for msgcode 20009: [scene-overloaded] scene gate_1 outbound queue is full
[error] [map_1] [err 1005] message handler failed for msgcode 20009: [scene-overloaded] scene gate_1 outbound queue is full
[error] [map_1] [err 1005] message handler failed for msgcode 20009: [scene-overloaded] scene gate_1 outbound queue is full
[error] [map_1] [err 1005] message handler failed for msgcode 20009: [scene-overloaded] scene gate_1 outbound queue is full
[error] [map_1] [err 1005] message handler failed for msgcode 20009: [scene-overloaded] scene gate_1 outbound queue is full
[error] [map_1] [err 1005] message handler failed for msgcode 20009: [scene-overloaded] scene gate_1 outbound queue is full
[error] [map_1] [err 1005] message handler failed for msgcode 20009: [scene-overloaded] scene gate_1 outbound queue is full
[error] [map_1] [err 1005] message handler failed for msgcode 20009: [scene-overloaded] scene gate_1 outbound queue is full
[error] [map_1] [err 1005] message handler failed for msgcode 20009: [scene-overloaded] scene gate_1 outbound queue is full
[error] [map_1] [err 1005] message handler failed for msgcode 20009: [scene-overloaded] scene gate_1 outbound queue is full
[error] [map_1] [err 1005] message handler failed for msgcode 20009: [scene-overloaded] scene gate_1 outbound queue is full
[error] [map_1] [err 1005] message handler failed for msgcode 20009: [scene-overloaded] scene gate_1 outbound queue is full
[error] [map_1] [err 1005] message handler failed for msgcode 20009: [scene-overloaded] scene gate_1 outbound queue is full
[error] [map_1] [err 1005] message handler failed for msgcode 20009: [scene-overloaded] scene gate_1 outbound queue is full
[error] [map_1] [err 1005] message handler failed for msgcode 20009: [scene-overloaded] scene gate_1 outbound queue is full
[error] [map_1] [err 1005] message handler failed for msgcode 20009: [scene-overloaded] scene gate_1 outbound queue is full
[error] [map_1] [err 1005] message handler failed for msgcode 20009: [scene-overloaded] scene gate_1 outbound queue is full
[error] [map_1] [err 1005] message handler failed for msgcode 20009: [scene-overloaded] scene gate_1 outbound queue is full
[error] [map_1] [err 1005] message handler failed for msgcode 20009: [scene-overloaded] scene gate_1 outbound queue is full
[error] [map_1] [err 1005] message handler failed for msgcode 20009: [scene-overloaded] scene gate_1 outbound queue is full
[error] [map_1] [err 1005] message handler failed for msgcode 20009: [scene-overloaded] scene gate_1 outbound queue is full
[error] [map_1] [err 1005] message handler failed for msgcode 20009: [scene-overloaded] scene gate_1 outbound queue is full
[error] [map_1] [err 1005] message handler failed for msgcode 20009: [scene-overloaded] scene gate_1 outbound queue is full
[error] [map_1] [err 1005] message handler failed for msgcode 20009: [scene-overloaded] scene gate_1 outbound queue is full
[error] [map_1] [err 1005] message handler failed for msgcode 20009: [scene-overloaded] scene gate_1 outbound queue is full
[error] [map_1] [err 1005] message handler failed for msgcode 20009: [scene-overloaded] scene gate_1 outbound queue is full
[error] [map_1] [err 1005] message handler failed for msgcode 20009: [scene-overloaded] scene gate_1 outbound queue is full
[error] [map_1] [err 1005] message handler failed for msgcode 20009: [scene-overloaded] scene gate_1 outbound queue is full
[error] [map_1] [err 1005] message handler failed for msgcode 20009: [scene-overloaded] scene gate_1 outbound queue is full
[error] [map_1] [err 1005] message handler failed for msgcode 20009: [scene-overloaded] scene gate_1 outbound queue is full
[error] [map_1] [err 1005] message handler failed for msgcode 20009: [scene-overloaded] scene gate_1 outbound queue is full
[error] [map_1] [err 1005] message handler failed for msgcode 20009: [scene-overloaded] scene gate_1 outbound queue is full
[error] [map_1] [err 1005] message handler failed for msgcode 20009: [scene-overloaded] scene gate_1 outbound queue is full
[error] [map_1] [err 1005] message handler failed for msgcode 20009: [scene-overloaded] scene gate_1 outbound queue is full
[error] [map_1] [err 1005] message handler failed for msgcode 20009: [scene-overloaded] scene gate_1 outbound queue is full
[error] [map_1] [err 1005] message handler failed for msgcode 20009: [scene-overloaded] scene gate_1 outbound queue is full
[error] [map_1] [err 1005] message handler failed for msgcode 20009: [scene-overloaded] scene gate_1 outbound queue is full
[error] [map_1] [err 1005] message handler failed for msgcode 20009: [scene-overloaded] scene gate_1 outbound queue is full
[error] [map_1] [err 1005] message handler failed for msgcode 20009: [scene-overloaded] scene gate_1 outbound queue is full
[error] [map_1] [err 1005] message handler failed for msgcode 20009: [scene-overloaded] scene gate_1 outbound queue is full
[error] [map_1] [err 1005] message handler failed for msgcode 20009: [scene-overloaded] scene gate_1 outbound queue is full
[error] [map_1] [err 1005] message handler failed for msgcode 20009: [scene-overloaded] scene gate_1 outbound queue is full
[error] [map_1] [err 1005] message handler failed for msgcode 20009: [scene-overloaded] scene gate_1 outbound queue is full
[error] [map_1] [err 1005] message handler failed for msgcode 20009: [scene-overloaded] scene gate_1 outbound queue is full
[error] [map_1] [err 1005] message handler failed for msgcode 20009: [scene-overloaded] scene gate_1 outbound queue is full
[error] [map_1] [err 1005] message handler failed for msgcode 20009: [scene-overloaded] scene gate_1 outbound queue is full
[error] [map_1] [err 1005] message handler failed for msgcode 20009: [scene-overloaded] scene gate_1 outbound queue is full
[error] [map_1] [err 1005] message handler failed for msgcode 20009: [scene-overloaded] scene gate_1 outbound queue is full
[error] [map_1] [err 1005] message handler failed for msgcode 20009: [scene-overloaded] scene gate_1 outbound queue is full
[error] [map_1] [err 1005] message handler failed for msgcode 20009: [scene-overloaded] scene gate_1 outbound queue is full
[error] [map_1] [err 1005] message handler failed for msgcode 20009: [scene-overloaded] scene gate_1 outbound queue is full
[error] [map_1] [err 1005] message handler failed for msgcode 20009: [scene-overloaded] scene gate_1 outbound queue is full
[error] [map_1] [err 1005] message handler failed for msgcode 20009: [scene-overloaded] scene gate_1 outbound queue is full
[error] [map_1] [err 1005] message handler failed for msgcode 20009: [scene-overloaded] scene gate_1 outbound queue is full
[error] [map_1] [err 1005] message handler failed for msgcode 20009: [scene-overloaded] scene gate_1 outbound queue is full
[error] [map_1] [err 1005] message handler failed for msgcode 20009: [scene-overloaded] scene gate_1 outbound queue is full
[error] [map_1] [err 1005] message handler failed for msgcode 20009: [scene-overloaded] scene gate_1 outbound queue is full
[error] [map_1] [err 1005] message handler failed for msgcode 20009: [scene-overloaded] scene gate_1 outbound queue is full
[error] [map_1] [err 1005] message handler failed for msgcode 20009: [scene-overloaded] scene gate_1 outbound queue is full
[error] [map_1] [err 1005] message handler failed for msgcode 20009: [scene-overloaded] scene gate_1 outbound queue is full
[error] [map_1] [err 1005] message handler failed for msgcode 20009: [scene-overloaded] scene gate_1 outbound queue is full
[error] [map_1] [err 1005] message handler failed for msgcode 20009: [scene-overloaded] scene gate_1 outbound queue is full
[error] [map_1] [err 1005] message handler failed for msgcode 20009: [scene-overloaded] scene gate_1 outbound queue is full
[error] [map_1] [err 1005] message handler failed for msgcode 20009: [scene-overloaded] scene gate_1 outbound queue is full
[error] [map_1] [err 1005] message handler failed for msgcode 20009: [scene-overloaded] scene gate_1 outbound queue is full
[error] [map_1] [err 1005] message handler failed for msgcode 20009: [scene-overloaded] scene gate_1 outbound queue is full
[error] [map_1] [err 1005] message handler failed for msgcode 20009: [scene-overloaded] scene gate_1 outbound queue is full
[error] [map_1] [err 1005] message handler failed for msgcode 20009: [scene-overloaded] scene gate_1 outbound queue is full
[error] [map_1] [err 1005] message handler failed for msgcode 20009: [scene-overloaded] scene gate_1 outbound queue is full
[error] [map_1] [err 1005] message handler failed for msgcode 20009: [scene-overloaded] scene gate_1 outbound queue is full
[error] [map_1] [err 1005] message handler failed for msgcode 20009: [scene-overloaded] scene gate_1 outbound queue is full
[error] [map_1] [err 1005] message handler failed for msgcode 20009: [scene-overloaded] scene gate_1 outbound queue is full
[error] [map_1] [err 1005] message handler failed for msgcode 20009: [scene-overloaded] scene gate_1 outbound queue is full
[error] [map_1] [err 1005] message handler failed for msgcode 20009: [scene-overloaded] scene gate_1 outbound queue is full
[error] [map_1] [err 1005] message handler failed for msgcode 20009: [scene-overloaded] scene gate_1 outbound queue is full
[error] [map_1] [err 1005] message handler failed for msgcode 20009: [scene-overloaded] scene gate_1 outbound queue is full
[error] [map_1] [err 1005] message handler failed for msgcode 20009: [scene-overloaded] scene gate_1 outbound queue is full
[error] [map_1] [err 1005] message handler failed for msgcode 20009: [scene-overloaded] scene gate_1 outbound queue is full
[error] [map_1] [err 1005] message handler failed for msgcode 20009: [scene-overloaded] scene gate_1 outbound queue is full
[error] [map_1] [err 1005] message handler failed for msgcode 20009: [scene-overloaded] scene gate_1 outbound queue is full
[error] [map_1] [err 1005] message handler failed for msgcode 20009: [scene-overloaded] scene gate_1 outbound queue is full
[error] [map_1] [err 1005] message handler failed for msgcode 20009: [scene-overloaded] scene gate_1 outbound queue is full
[error] [map_1] [err 1005] message handler failed for msgcode 20009: [scene-overloaded] scene gate_1 outbound queue is full
[error] [map_1] [err 1005] message handler failed for msgcode 20009: [scene-overloaded] scene gate_1 outbound queue is full
[error] [map_1] [err 1005] message handler failed for msgcode 20009: [scene-overloaded] scene gate_1 outbound queue is full
[error] [map_1] [err 1005] message handler failed for msgcode 20009: [scene-overloaded] scene gate_1 outbound queue is full
[error] [map_1] [err 1005] message handler failed for msgcode 20009: [scene-overloaded] scene gate_1 outbound queue is full
[error] [map_1] [err 1005] message handler failed for msgcode 20009: [scene-overloaded] scene gate_1 outbound queue is full
[error] [map_1] [err 1005] message handler failed for msgcode 20009: [scene-overloaded] scene gate_1 outbound queue is full
[error] [map_1] [err 1005] message handler failed for msgcode 20009: [scene-overloaded] scene gate_1 outbound queue is full
[error] [map_1] [err 1005] message handler failed for msgcode 20009: [scene-overloaded] scene gate_1 outbound queue is full
[error] [map_1] [err 1005] message handler failed for msgcode 20009: [scene-overloaded] scene gate_1 outbound queue is full
[error] [map_1] [err 1005] message handler failed for msgcode 20009: [scene-overloaded] scene gate_1 outbound queue is full
[error] [map_1] [err 1005] message handler failed for msgcode 20009: [scene-overloaded] scene gate_1 outbound queue is full
[error] [map_1] [err 1005] message handler failed for msgcode 20009: [scene-overloaded] scene gate_1 outbound queue is full
[error] [map_1] [err 1005] message handler failed for msgcode 20009: [scene-overloaded] scene gate_1 outbound queue is full
[error] [map_1] [err 1005] message handler failed for msgcode 20009: [scene-overloaded] scene gate_1 outbound queue is full
[error] [map_1] [err 1005] message handler failed for msgcode 20009: [scene-overloaded] scene gate_1 outbound queue is full
[error] [map_1] [err 1005] message handler failed for msgcode 20009: [scene-overloaded] scene gate_1 outbound queue is full
[error] [map_1] [err 1005] message handler failed for msgcode 20009: [scene-overloaded] scene gate_1 outbound queue is full
[error] [map_1] [err 1005] message handler failed for msgcode 20009: [scene-overloaded] scene gate_1 outbound queue is full
[error] [map_1] [err 1005] message handler failed for msgcode 20009: [scene-overloaded] scene gate_1 outbound queue is full
[error] [map_1] [err 1005] message handler failed for msgcode 20009: [scene-overloaded] scene gate_1 outbound queue is full
[error] [map_1] [err 1005] message handler failed for msgcode 20009: [scene-overloaded] scene gate_1 outbound queue is full
[error] [map_1] [err 1005] message handler failed for msgcode 20009: [scene-overloaded] scene gate_1 outbound queue is full
[error] [map_1] [err 1005] message handler failed for msgcode 20009: [scene-overloaded] scene gate_1 outbound queue is full
[error] [map_1] [err 1005] message handler failed for msgcode 20009: [scene-overloaded] scene gate_1 outbound queue is full
[error] [map_1] [err 1005] message handler failed for msgcode 20009: [scene-overloaded] scene gate_1 outbound queue is full
[error] [map_1] [err 1005] message handler failed for msgcode 20009: [scene-overloaded] scene gate_1 outbound queue is full
[error] [map_1] [err 1005] message handler failed for msgcode 20009: [scene-overloaded] scene gate_1 outbound queue is full
[error] [map_1] [err 1005] message handler failed for msgcode 20009: [scene-overloaded] scene gate_1 outbound queue is full
[error] [map_1] [err 1005] message handler failed for msgcode 20009: [scene-overloaded] scene gate_1 outbound queue is full
[error] [map_1] [err 1005] message handler failed for msgcode 20009: [scene-overloaded] scene gate_1 outbound queue is full
[error] [map_1] [err 1005] message handler failed for msgcode 20009: [scene-overloaded] scene gate_1 outbound queue is full
[error] [map_1] [err 1005] message handler failed for msgcode 20009: [scene-overloaded] scene gate_1 outbound queue is full
[error] [map_1] [err 1005] message handler failed for msgcode 20009: [scene-overloaded] scene gate_1 outbound queue is full
[error] [map_1] [err 1005] message handler failed for msgcode 20009: [scene-overloaded] scene gate_1 outbound queue is full
[error] [map_1] [err 1005] message handler failed for msgcode 20009: [scene-overloaded] scene gate_1 outbound queue is full
[error] [map_1] [err 1005] message handler failed for msgcode 20009: [scene-overloaded] scene gate_1 outbound queue is full
[error] [map_1] [err 1005] message handler failed for msgcode 20009: [scene-overloaded] scene gate_1 outbound queue is full
[error] [map_1] [err 1005] message handler failed for msgcode 20009: [scene-overloaded] scene gate_1 outbound queue is full
[error] [map_1] [err 1005] message handler failed for msgcode 20009: [scene-overloaded] scene gate_1 outbound queue is full
[error] [map_1] [err 1005] message handler failed for msgcode 20009: [scene-overloaded] scene gate_1 outbound queue is full
[error] [map_1] [err 1005] message handler failed for msgcode 20009: [scene-overloaded] scene gate_1 outbound queue is full
[error] [map_1] [err 1005] message handler failed for msgcode 20009: [scene-overloaded] scene gate_1 outbound queue is full
[error] [map_1] [err 1005] message handler failed for msgcode 20009: [scene-overloaded] scene gate_1 outbound queue is full
[error] [map_1] [err 1005] message handler failed for msgcode 20009: [scene-overloaded] scene gate_1 outbound queue is full
[error] [map_1] [err 1005] message handler failed for msgcode 20009: [scene-overloaded] scene gate_1 outbound queue is full
[error] [map_1] [err 1005] message handler failed for msgcode 20009: [scene-overloaded] scene gate_1 outbound queue is full
[error] [map_1] [err 1005] message handler failed for msgcode 20009: [scene-overloaded] scene gate_1 outbound queue is full
[error] [map_1] [err 1005] message handler failed for msgcode 20009: [scene-overloaded] scene gate_1 outbound queue is full
[error] [map_1] [err 1005] message handler failed for msgcode 20009: [scene-overloaded] scene gate_1 outbound queue is full
[error] [map_1] [err 1005] message handler failed for msgcode 20009: [scene-overloaded] scene gate_1 outbound queue is full
[error] [map_1] [err 1005] message handler failed for msgcode 20009: [scene-overloaded] scene gate_1 outbound queue is full
[error] [map_1] [err 1005] message handler failed for msgcode 20009: [scene-overloaded] scene gate_1 outbound queue is full
[error] [map_1] [err 1005] message handler failed for msgcode 20009: [scene-overloaded] scene gate_1 outbound queue is full
[error] [map_1] [err 1005] message handler failed for msgcode 20009: [scene-overloaded] scene gate_1 outbound queue is full
[error] [map_1] [err 1005] message handler failed for msgcode 20009: [scene-overloaded] scene gate_1 outbound queue is full
[error] [map_1] [err 1005] message handler failed for msgcode 20009: [scene-overloaded] scene gate_1 outbound queue is full
[error] [map_1] [err 1005] message handler failed for msgcode 20009: [scene-overloaded] scene gate_1 outbound queue is full
[error] [map_1] [err 1005] message handler failed for msgcode 20009: [scene-overloaded] scene gate_1 outbound queue is full
[error] [map_1] [err 1005] message handler failed for msgcode 20009: [scene-overloaded] scene gate_1 outbound queue is full
[error] [map_1] [err 1005] message handler failed for msgcode 20009: [scene-overloaded] scene gate_1 outbound queue is full
[error] [map_1] [err 1005] message handler failed for msgcode 20009: [scene-overloaded] scene gate_1 outbound queue is full
[error] [map_1] [err 1005] message handler failed for msgcode 20009: [scene-overloaded] scene gate_1 outbound queue is full
[error] [map_1] [err 1005] message handler failed for msgcode 20009: [scene-overloaded] scene gate_1 outbound queue is full
[error] [map_1] [err 1005] message handler failed for msgcode 20009: [scene-overloaded] scene gate_1 outbound queue is full
[error] [map_1] [err 1005] message handler failed for msgcode 20009: [scene-overloaded] scene gate_1 outbound queue is full
[error] [map_1] [err 1005] message handler failed for msgcode 20009: [scene-overloaded] scene gate_1 outbound queue is full
[error] [map_1] [err 1005] message handler failed for msgcode 20009: [scene-overloaded] scene gate_1 outbound queue is full
[error] [map_1] [err 1005] message handler failed for msgcode 20009: [scene-overloaded] scene gate_1 outbound queue is full
[error] [map_1] [err 1005] message handler failed for msgcode 20009: [scene-overloaded] scene gate_1 outbound queue is full
[error] [map_1] [err 1005] message handler failed for msgcode 20009: [scene-overloaded] scene gate_1 outbound queue is full
[error] [map_1] [err 1005] message handler failed for msgcode 20009: [scene-overloaded] scene gate_1 outbound queue is full
[error] [map_1] [err 1005] message handler failed for msgcode 20009: [scene-overloaded] scene gate_1 outbound queue is full
[error] [map_1] [err 1005] message handler failed for msgcode 20009: [scene-overloaded] scene gate_1 outbound queue is full
[error] [map_1] [err 1005] message handler failed for msgcode 20009: [scene-overloaded] scene gate_1 outbound queue is full
[error] [map_1] [err 1005] message handler failed for msgcode 20009: [scene-overloaded] scene gate_1 outbound queue is full
[error] [map_1] [err 1005] message handler failed for msgcode 20009: [scene-overloaded] scene gate_1 outbound queue is full
[error] [map_1] [err 1005] message handler failed for msgcode 20009: [scene-overloaded] scene gate_1 outbound queue is full
[error] [map_1] [err 1005] message handler failed for msgcode 20009: [scene-overloaded] scene gate_1 outbound queue is full
[error] [map_1] [err 1005] message handler failed for msgcode 20009: [scene-overloaded] scene gate_1 outbound queue is full
[error] [map_1] [err 1005] message handler failed for msgcode 20009: [scene-overloaded] scene gate_1 outbound queue is full
[error] [map_1] [err 1005] message handler failed for msgcode 20009: [scene-overloaded] scene gate_1 outbound queue is full
[error] [map_1] [err 1005] message handler failed for msgcode 20009: [scene-overloaded] scene gate_1 outbound queue is full
[error] [map_1] [err 1005] message handler failed for msgcode 20009: [scene-overloaded] scene gate_1 outbound queue is full
[error] [map_1] [err 1005] message handler failed for msgcode 20009: [scene-overloaded] scene gate_1 outbound queue is full
[error] [map_1] [err 1005] message handler failed for msgcode 20009: [scene-overloaded] scene gate_1 outbound queue is full
[error] [map_1] [err 1005] message handler failed for msgcode 20009: [scene-overloaded] scene gate_1 outbound queue is full
[error] [map_1] [err 1005] message handler failed for msgcode 20009: [scene-overloaded] scene gate_1 outbound queue is full
[error] [map_1] [err 1005] message handler failed for msgcode 20009: [scene-overloaded] scene gate_1 outbound queue is full
[error] [map_1] [err 1005] message handler failed for msgcode 20009: [scene-overloaded] scene gate_1 outbound queue is full
[error] [map_1] [err 1005] message handler failed for msgcode 20009: [scene-overloaded] scene gate_1 outbound queue is full
[error] [map_1] [err 1005] message handler failed for msgcode 20009: [scene-overloaded] scene gate_1 outbound queue is full
[error] [map_1] [err 1005] message handler failed for msgcode 20009: [scene-overloaded] scene gate_1 outbound queue is full
[error] [map_1] [err 1005] message handler failed for msgcode 20009: [scene-overloaded] scene gate_1 outbound queue is full
[error] [map_1] [err 1005] message handler failed for msgcode 20009: [scene-overloaded] scene gate_1 outbound queue is full
[error] [map_1] [err 1005] message handler failed for msgcode 20009: [scene-overloaded] scene gate_1 outbound queue is full
[error] [map_1] [err 1005] message handler failed for msgcode 20009: [scene-overloaded] scene gate_1 outbound queue is full
[error] [map_1] [err 1005] message handler failed for msgcode 20009: [scene-overloaded] scene gate_1 outbound queue is full
[error] [map_1] [err 1005] message handler failed for msgcode 20009: [scene-overloaded] scene gate_1 outbound queue is full
[error] [map_1] [err 1005] message handler failed for msgcode 20009: [scene-overloaded] scene gate_1 outbound queue is full
[error] [map_1] [err 1005] message handler failed for msgcode 20009: [scene-overloaded] scene gate_1 outbound queue is full
[error] [map_1] [err 1005] message handler failed for msgcode 20009: [scene-overloaded] scene gate_1 outbound queue is full
[error] [map_1] [err 1005] message handler failed for msgcode 20009: [scene-overloaded] scene gate_1 outbound queue is full
[error] [map_1] [err 1005] message handler failed for msgcode 20009: [scene-overloaded] scene gate_1 outbound queue is full
[error] [map_1] [err 1005] message handler failed for msgcode 20009: [scene-overloaded] scene gate_1 outbound queue is full
[error] [map_1] [err 1005] message handler failed for msgcode 20009: [scene-overloaded] scene gate_1 outbound queue is full
[error] [map_1] [err 1005] message handler failed for msgcode 20009: [scene-overloaded] scene gate_1 outbound queue is full
[error] [map_1] [err 1005] message handler failed for msgcode 20009: [scene-overloaded] scene gate_1 outbound queue is full
[error] [map_1] [err 1005] message handler failed for msgcode 20009: [scene-overloaded] scene gate_1 outbound queue is full
[error] [map_1] [err 1005] message handler failed for msgcode 20009: [scene-overloaded] scene gate_1 outbound queue is full
[error] [map_1] [err 1005] message handler failed for msgcode 20009: [scene-overloaded] scene gate_1 outbound queue is full
[error] [map_1] [err 1005] message handler failed for msgcode 20009: [scene-overloaded] scene gate_1 outbound queue is full
[error] [map_1] [err 1005] message handler failed for msgcode 20009: [scene-overloaded] scene gate_1 outbound queue is full
[error] [map_1] [err 1005] message handler failed for msgcode 20009: [scene-overloaded] scene gate_1 outbound queue is full
[error] [map_1] [err 1005] message handler failed for msgcode 20009: [scene-overloaded] scene gate_1 outbound queue is full
[error] [map_1] [err 1005] message handler failed for msgcode 20009: [scene-overloaded] scene gate_1 outbound queue is full
[error] [map_1] [err 1005] message handler failed for msgcode 20009: [scene-overloaded] scene gate_1 outbound queue is full
[error] [map_1] [err 1005] message handler failed for msgcode 20009: [scene-overloaded] scene gate_1 outbound queue is full
[error] [map_1] [err 1005] message handler failed for msgcode 20009: [scene-overloaded] scene gate_1 outbound queue is full
[error] [map_1] [err 1005] message handler failed for msgcode 20009: [scene-overloaded] scene gate_1 outbound queue is full
[error] [map_1] [err 1005] message handler failed for msgcode 20009: [scene-overloaded] scene gate_1 outbound queue is full
[error] [map_1] [err 1005] message handler failed for msgcode 20009: [scene-overloaded] scene gate_1 outbound queue is full
[error] [map_1] [err 1005] message handler failed for msgcode 20009: [scene-overloaded] scene gate_1 outbound queue is full
[error] [map_1] [err 1005] message handler failed for msgcode 20009: [scene-overloaded] scene gate_1 outbound queue is full
[error] [map_1] [err 1005] message handler failed for msgcode 20009: [scene-overloaded] scene gate_1 outbound queue is full
[error] [map_1] [err 1005] message handler failed for msgcode 20009: [scene-overloaded] scene gate_1 outbound queue is full
[error] [map_1] [err 1005] message handler failed for msgcode 20009: [scene-overloaded] scene gate_1 outbound queue is full
[error] [map_1] [err 1005] message handler failed for msgcode 20009: [scene-overloaded] scene gate_1 outbound queue is full
[error] [map_1] [err 1005] message handler failed for msgcode 20009: [scene-overloaded] scene gate_1 outbound queue is full
[error] [map_1] [err 1005] message handler failed for msgcode 20009: [scene-overloaded] scene gate_1 outbound queue is full
[error] [map_1] [err 1005] message handler failed for msgcode 20009: [scene-overloaded] scene gate_1 outbound queue is full
[error] [map_1] [err 1005] message handler failed for msgcode 20009: [scene-overloaded] scene gate_1 outbound queue is full
[error] [map_1] [err 1005] message handler failed for msgcode 20009: [scene-overloaded] scene gate_1 outbound queue is full
[error] [map_1] [err 1005] message handler failed for msgcode 20009: [scene-overloaded] scene gate_1 outbound queue is full
[error] [map_1] [err 1005] message handler failed for msgcode 20009: [scene-overloaded] scene gate_1 outbound queue is full
[error] [map_1] [err 1005] message handler failed for msgcode 20009: [scene-overloaded] scene gate_1 outbound queue is full
[error] [map_1] [err 1005] message handler failed for msgcode 20009: [scene-overloaded] scene gate_1 outbound queue is full
[error] [map_1] [err 1005] message handler failed for msgcode 20009: [scene-overloaded] scene gate_1 outbound queue is full
[error] [map_1] [err 1005] message handler failed for msgcode 20009: [scene-overloaded] scene gate_1 outbound queue is full
[error] [map_1] [err 1005] message handler failed for msgcode 20009: [scene-overloaded] scene gate_1 outbound queue is full
[error] [map_1] [err 1005] message handler failed for msgcode 20009: [scene-overloaded] scene gate_1 outbound queue is full
[error] [map_1] [err 1005] message handler failed for msgcode 20009: [scene-overloaded] scene gate_1 outbound queue is full
[error] [map_1] [err 1005] message handler failed for msgcode 20009: [scene-overloaded] scene gate_1 outbound queue is full
[error] [map_1] [err 1005] message handler failed for msgcode 20009: [scene-overloaded] scene gate_1 outbound queue is full
[error] [map_1] [err 1005] message handler failed for msgcode 20009: [scene-overloaded] scene gate_1 outbound queue is full
[error] [map_1] [err 1005] message handler failed for msgcode 20009: [scene-overloaded] scene gate_1 outbound queue is full
[error] [map_1] [err 1005] message handler failed for msgcode 20009: [scene-overloaded] scene gate_1 outbound queue is full
[error] [map_1] [err 1005] message handler failed for msgcode 20009: [scene-overloaded] scene gate_1 outbound queue is full
[error] [map_1] [err 1005] message handler failed for msgcode 20009: [scene-overloaded] scene gate_1 outbound queue is full
[error] [map_1] [err 1005] message handler failed for msgcode 20009: [scene-overloaded] scene gate_1 outbound queue is full
[error] [map_1] [err 1005] message handler failed for msgcode 20009: [scene-overloaded] scene gate_1 outbound queue is full
[error] [map_1] [err 1005] message handler failed for msgcode 20009: [scene-overloaded] scene gate_1 outbound queue is full
[error] [map_1] [err 1005] message handler failed for msgcode 20009: [scene-overloaded] scene gate_1 outbound queue is full
[error] [map_1] [err 1005] message handler failed for msgcode 20009: [scene-overloaded] scene gate_1 outbound queue is full
[error] [map_1] [err 1005] message handler failed for msgcode 20009: [scene-overloaded] scene gate_1 outbound queue is full
[error] [map_1] [err 1005] message handler failed for msgcode 20009: [scene-overloaded] scene gate_1 outbound queue is full
[error] [map_1] [err 1005] message handler failed for msgcode 20009: [scene-overloaded] scene gate_1 outbound queue is full
[error] [map_1] [err 1005] message handler failed for msgcode 20009: [scene-overloaded] scene gate_1 outbound queue is full
[error] [map_1] [err 1005] message handler failed for msgcode 20009: [scene-overloaded] scene gate_1 outbound queue is full
[error] [map_1] [err 1005] message handler failed for msgcode 20009: [scene-overloaded] scene gate_1 outbound queue is full
[error] [map_1] [err 1005] message handler failed for msgcode 20009: [scene-overloaded] scene gate_1 outbound queue is full
[error] [map_1] [err 1005] message handler failed for msgcode 20009: [scene-overloaded] scene gate_1 outbound queue is full
[error] [map_1] [err 1005] message handler failed for msgcode 20009: [scene-overloaded] scene gate_1 outbound queue is full
[error] [map_1] [err 1005] message handler failed for msgcode 20009: [scene-overloaded] scene gate_1 outbound queue is full
[error] [map_1] [err 1005] message handler failed for msgcode 20009: [scene-overloaded] scene gate_1 outbound queue is full
[error] [map_1] [err 1005] message handler failed for msgcode 20009: [scene-overloaded] scene gate_1 outbound queue is full
[error] [map_1] [err 1005] message handler failed for msgcode 20009: [scene-overloaded] scene gate_1 outbound queue is full
[error] [map_1] [err 1005] message handler failed for msgcode 20009: [scene-overloaded] scene gate_1 outbound queue is full
[error] [map_1] [err 1005] message handler failed for msgcode 20009: [scene-overloaded] scene gate_1 outbound queue is full
[error] [map_1] [err 1005] message handler failed for msgcode 20009: [scene-overloaded] scene gate_1 outbound queue is full
[error] [map_1] [err 1005] message handler failed for msgcode 20009: [scene-overloaded] scene gate_1 outbound queue is full
[error] [map_1] [err 1005] message handler failed for msgcode 20009: [scene-overloaded] scene gate_1 outbound queue is full
[error] [map_1] [err 1005] message handler failed for msgcode 20009: [scene-overloaded] scene gate_1 outbound queue is full
[error] [map_1] [err 1005] message handler failed for msgcode 20009: [scene-overloaded] scene gate_1 outbound queue is full
[error] [map_1] [err 1005] message handler failed for msgcode 20009: [scene-overloaded] scene gate_1 outbound queue is full
[error] [map_1] [err 1005] message handler failed for msgcode 20009: [scene-overloaded] scene gate_1 outbound queue is full
[error] [map_1] [err 1005] message handler failed for msgcode 20009: [scene-overloaded] scene gate_1 outbound queue is full
[error] [map_1] [err 1005] message handler failed for msgcode 20009: [scene-overloaded] scene gate_1 outbound queue is full
[error] [map_1] [err 1005] message handler failed for msgcode 20009: [scene-overloaded] scene gate_1 outbound queue is full
[error] [map_1] [err 1005] message handler failed for msgcode 20009: [scene-overloaded] scene gate_1 outbound queue is full
[error] [map_1] [err 1005] message handler failed for msgcode 20009: [scene-overloaded] scene gate_1 outbound queue is full
[error] [map_1] [err 1005] message handler failed for msgcode 20009: [scene-overloaded] scene gate_1 outbound queue is full
[error] [map_1] [err 1005] message handler failed for msgcode 20009: [scene-overloaded] scene gate_1 outbound queue is full
[error] [map_1] [err 1005] message handler failed for msgcode 20009: [scene-overloaded] scene gate_1 outbound queue is full
[error] [map_1] [err 1005] message handler failed for msgcode 20009: [scene-overloaded] scene gate_1 outbound queue is full
[error] [map_1] [err 1005] message handler failed for msgcode 20009: [scene-overloaded] scene gate_1 outbound queue is full
[error] [map_1] [err 1005] message handler failed for msgcode 20009: [scene-overloaded] scene gate_1 outbound queue is full
[error] [map_1] [err 1005] message handler failed for msgcode 20009: [scene-overloaded] scene gate_1 outbound queue is full
[error] [map_1] [err 1005] message handler failed for msgcode 20009: [scene-overloaded] scene gate_1 outbound queue is full
[error] [map_1] [err 1005] message handler failed for msgcode 20009: [scene-overloaded] scene gate_1 outbound queue is full
[error] [map_1] [err 1005] message handler failed for msgcode 20009: [scene-overloaded] scene gate_1 outbound queue is full
[error] [map_1] [err 1005] message handler failed for msgcode 20009: [scene-overloaded] scene gate_1 outbound queue is full
[error] [map_1] [err 1005] message handler failed for msgcode 20009: [scene-overloaded] scene gate_1 outbound queue is full
[error] [map_1] [err 1005] message handler failed for msgcode 20009: [scene-overloaded] scene gate_1 outbound queue is full
[error] [map_1] [err 1005] message handler failed for msgcode 20009: [scene-overloaded] scene gate_1 outbound queue is full
[error] [map_1] [err 1005] message handler failed for msgcode 20009: [scene-overloaded] scene gate_1 outbound queue is full
[error] [map_1] [err 1005] message handler failed for msgcode 20009: [scene-overloaded] scene gate_1 outbound queue is full
[error] [map_1] [err 1005] message handler failed for msgcode 20009: [scene-overloaded] scene gate_1 outbound queue is full
[error] [map_1] [err 1005] message handler failed for msgcode 20009: [scene-overloaded] scene gate_1 outbound queue is full
[error] [map_1] [err 1005] message handler failed for msgcode 20009: [scene-overloaded] scene gate_1 outbound queue is full
[error] [map_1] [err 1005] message handler failed for msgcode 20009: [scene-overloaded] scene gate_1 outbound queue is full
[error] [map_1] [err 1005] message handler failed for msgcode 20009: [scene-overloaded] scene gate_1 outbound queue is full
[error] [map_1] [err 1005] message handler failed for msgcode 20009: [scene-overloaded] scene gate_1 outbound queue is full
[error] [map_1] [err 1005] message handler failed for msgcode 20009: [scene-overloaded] scene gate_1 outbound queue is full
[error] [map_1] [err 1005] message handler failed for msgcode 20009: [scene-overloaded] scene gate_1 outbound queue is full
[error] [map_1] [err 1005] message handler failed for msgcode 20009: [scene-overloaded] scene gate_1 outbound queue is full
[error] [map_1] [err 1005] message handler failed for msgcode 20009: [scene-overloaded] scene gate_1 outbound queue is full
[error] [map_1] [err 1005] message handler failed for msgcode 20009: [scene-overloaded] scene gate_1 outbound queue is full
[error] [map_1] [err 1005] message handler failed for msgcode 20009: [scene-overloaded] scene gate_1 outbound queue is full
[error] [map_1] [err 1005] message handler failed for msgcode 20009: [scene-overloaded] scene gate_1 outbound queue is full
[error] [map_1] [err 1005] message handler failed for msgcode 20009: [scene-overloaded] scene gate_1 outbound queue is full
[error] [map_1] [err 1005] message handler failed for msgcode 20009: [scene-overloaded] scene gate_1 outbound queue is full
[error] [map_1] [err 1005] message handler failed for msgcode 20009: [scene-overloaded] scene gate_1 outbound queue is full
[error] [map_1] [err 1005] message handler failed for msgcode 20009: [scene-overloaded] scene gate_1 outbound queue is full
[error] [map_1] [err 1005] message handler failed for msgcode 20009: [scene-overloaded] scene gate_1 outbound queue is full
[error] [map_1] [err 1005] message handler failed for msgcode 20009: [scene-overloaded] scene gate_1 outbound queue is full
[error] [map_1] [err 1005] message handler failed for msgcode 20009: [scene-overloaded] scene gate_1 outbound queue is full
[error] [map_1] [err 1005] message handler failed for msgcode 20009: [scene-overloaded] scene gate_1 outbound queue is full
[error] [map_1] [err 1005] message handler failed for msgcode 20009: [scene-overloaded] scene gate_1 outbound queue is full
[error] [map_1] [err 1005] message handler failed for msgcode 20009: [scene-overloaded] scene gate_1 outbound queue is full
[error] [map_1] [err 1005] message handler failed for msgcode 20009: [scene-overloaded] scene gate_1 outbound queue is full
[error] [map_1] [err 1005] message handler failed for msgcode 20009: [scene-overloaded] scene gate_1 outbound queue is full
[error] [map_1] [err 1005] message handler failed for msgcode 20009: [scene-overloaded] scene gate_1 outbound queue is full
[error] [map_1] [err 1005] message handler failed for msgcode 20009: [scene-overloaded] scene gate_1 outbound queue is full
[error] [map_1] [err 1005] message handler failed for msgcode 20009: [scene-overloaded] scene gate_1 outbound queue is full
[error] [map_1] [err 1005] message handler failed for msgcode 20009: [scene-overloaded] scene gate_1 outbound queue is full
[error] [map_1] [err 1005] message handler failed for msgcode 20009: [scene-overloaded] scene gate_1 outbound queue is full
[error] [map_1] [err 1005] message handler failed for msgcode 20009: [scene-overloaded] scene gate_1 outbound queue is full
[error] [map_1] [err 1005] message handler failed for msgcode 20009: [scene-overloaded] scene gate_1 outbound queue is full
[error] [map_1] [err 1005] message handler failed for msgcode 20009: [scene-overloaded] scene gate_1 outbound queue is full
[error] [map_1] [err 1005] message handler failed for msgcode 20009: [scene-overloaded] scene gate_1 outbound queue is full
[error] [map_1] [err 1005] message handler failed for msgcode 20009: [scene-overloaded] scene gate_1 outbound queue is full
[error] [map_1] [err 1005] message handler failed for msgcode 20009: [scene-overloaded] scene gate_1 outbound queue is full
[error] [map_1] [err 1005] message handler failed for msgcode 20009: [scene-overloaded] scene gate_1 outbound queue is full
[error] [map_1] [err 1005] message handler failed for msgcode 20009: [scene-overloaded] scene gate_1 outbound queue is full
[error] [map_1] [err 1005] message handler failed for msgcode 20009: [scene-overloaded] scene gate_1 outbound queue is full
[error] [map_1] [err 1005] message handler failed for msgcode 20009: [scene-overloaded] scene gate_1 outbound queue is full
[error] [map_1] [err 1005] message handler failed for msgcode 20009: [scene-overloaded] scene gate_1 outbound queue is full
[error] [map_1] [err 1005] message handler failed for msgcode 20009: [scene-overloaded] scene gate_1 outbound queue is full
[error] [map_1] [err 1005] message handler failed for msgcode 20009: [scene-overloaded] scene gate_1 outbound queue is full
[error] [map_1] [err 1005] message handler failed for msgcode 20009: [scene-overloaded] scene gate_1 outbound queue is full
[error] [map_1] [err 1005] message handler failed for msgcode 20009: [scene-overloaded] scene gate_1 outbound queue is full
[error] [map_1] [err 1005] message handler failed for msgcode 20009: [scene-overloaded] scene gate_1 outbound queue is full
[error] [map_1] [err 1005] message handler failed for msgcode 20009: [scene-overloaded] scene gate_1 outbound queue is full
[error] [map_1] [err 1005] message handler failed for msgcode 20009: [scene-overloaded] scene gate_1 outbound queue is full
[error] [map_1] [err 1005] message handler failed for msgcode 20009: [scene-overloaded] scene gate_1 outbound queue is full
[error] [map_1] [err 1005] message handler failed for msgcode 20009: [scene-overloaded] scene gate_1 outbound queue is full
[error] [map_1] [err 1005] message handler failed for msgcode 20009: [scene-overloaded] scene gate_1 outbound queue is full
[error] [map_1] [err 1005] message handler failed for msgcode 20009: [scene-overloaded] scene gate_1 outbound queue is full
[metrics:inner_transport] active=1 opened=1 pending=0 max_pending=0 overloads=18810 timeouts=0 disconnected_calls=0 late_responses=0 idle_closes=0
[metrics:map1] scene=map_1 type=MapHost processed=3322 failed=0 ts_queue=0 ts_max_queue=89 rust_queue=0 rust_max_queue=89 backpressure=0 slow_disconnects=0 update_ms=1.00 handler_ms=1.00 max_handler_ms=120.00 total_handler_ms=10602.00
[error] [map_1] [err 1005] message handler failed for msgcode 20009: [scene-overloaded] scene gate_1 outbound queue is full
[error] [map_1] [err 1005] message handler failed for msgcode 20009: [scene-overloaded] scene gate_1 outbound queue is full
[error] [map_1] [err 1005] message handler failed for msgcode 20009: [scene-overloaded] scene gate_1 outbound queue is full
[error] [map_1] [err 1005] message handler failed for msgcode 20009: [scene-overloaded] scene gate_1 outbound queue is full
[error] [map_1] [err 1005] message handler failed for msgcode 20009: [scene-overloaded] scene gate_1 outbound queue is full
[error] [map_1] [err 1005] message handler failed for msgcode 20009: [scene-overloaded] scene gate_1 outbound queue is full
[error] [map_1] [err 1005] message handler failed for msgcode 20009: [scene-overloaded] scene gate_1 outbound queue is full
[error] [map_1] [err 1005] message handler failed for msgcode 20009: [scene-overloaded] scene gate_1 outbound queue is full
[error] [map_1] [err 1005] message handler failed for msgcode 20009: [scene-overloaded] scene gate_1 outbound queue is full
[error] [map_1] [err 1005] message handler failed for msgcode 20009: [scene-overloaded] scene gate_1 outbound queue is full
[error] [map_1] [err 1005] message handler failed for msgcode 20009: [scene-overloaded] scene gate_1 outbound queue is full
[error] [map_1] [err 1005] message handler failed for msgcode 20009: [scene-overloaded] scene gate_1 outbound queue is full
[error] [map_1] [err 1005] message handler failed for msgcode 20009: [scene-overloaded] scene gate_1 outbound queue is full
[error] [map_1] [err 1005] message handler failed for msgcode 20009: [scene-overloaded] scene gate_1 outbound queue is full
[error] [map_1] [err 1005] message handler failed for msgcode 20009: [scene-overloaded] scene gate_1 outbound queue is full
[error] [map_1] [err 1005] message handler failed for msgcode 20009: [scene-overloaded] scene gate_1 outbound queue is full
[error] [map_1] [err 1005] message handler failed for msgcode 20009: [scene-overloaded] scene gate_1 outbound queue is full
[error] [map_1] [err 1005] message handler failed for msgcode 20009: [scene-overloaded] scene gate_1 outbound queue is full
[error] [map_1] [err 1005] message handler failed for msgcode 20009: [scene-overloaded] scene gate_1 outbound queue is full
[error] [map_1] [err 1005] message handler failed for msgcode 20009: [scene-overloaded] scene gate_1 outbound queue is full
[error] [map_1] [err 1005] message handler failed for msgcode 20009: [scene-overloaded] scene gate_1 outbound queue is full
[error] [map_1] [err 1005] message handler failed for msgcode 20009: [scene-overloaded] scene gate_1 outbound queue is full
[error] [map_1] [err 1005] message handler failed for msgcode 20009: [scene-overloaded] scene gate_1 outbound queue is full
[error] [map_1] [err 1005] message handler failed for msgcode 20009: [scene-overloaded] scene gate_1 outbound queue is full
[error] [map_1] [err 1005] message handler failed for msgcode 20009: [scene-overloaded] scene gate_1 outbound queue is full
[error] [map_1] [err 1005] message handler failed for msgcode 20009: [scene-overloaded] scene gate_1 outbound queue is full
[error] [map_1] [err 1005] message handler failed for msgcode 20009: [scene-overloaded] scene gate_1 outbound queue is full
[error] [map_1] [err 1005] message handler failed for msgcode 20009: [scene-overloaded] scene gate_1 outbound queue is full
[error] [map_1] [err 1005] message handler failed for msgcode 20009: [scene-overloaded] scene gate_1 outbound queue is full
[error] [map_1] [err 1005] message handler failed for msgcode 20009: [scene-overloaded] scene gate_1 outbound queue is full
[error] [map_1] [err 1005] message handler failed for msgcode 20009: [scene-overloaded] scene gate_1 outbound queue is full
[error] [map_1] [err 1005] message handler failed for msgcode 20009: [scene-overloaded] scene gate_1 outbound queue is full
[error] [map_1] [err 1005] message handler failed for msgcode 20009: [scene-overloaded] scene gate_1 outbound queue is full
[error] [map_1] [err 1005] message handler failed for msgcode 20009: [scene-overloaded] scene gate_1 outbound queue is full
[error] [map_1] [err 1005] message handler failed for msgcode 20009: [scene-overloaded] scene gate_1 outbound queue is full
[error] [map_1] [err 1005] message handler failed for msgcode 20009: [scene-overloaded] scene gate_1 outbound queue is full
[error] [map_1] [err 1005] message handler failed for msgcode 20009: [scene-overloaded] scene gate_1 outbound queue is full
[error] [map_1] [err 1005] message handler failed for msgcode 20009: [scene-overloaded] scene gate_1 outbound queue is full
[error] [map_1] [err 1005] message handler failed for msgcode 20009: [scene-overloaded] scene gate_1 outbound queue is full
[error] [map_1] [err 1005] message handler failed for msgcode 20009: [scene-overloaded] scene gate_1 outbound queue is full
[error] [map_1] [err 1005] message handler failed for msgcode 20009: [scene-overloaded] scene gate_1 outbound queue is full
[error] [map_1] [err 1005] message handler failed for msgcode 20009: [scene-overloaded] scene gate_1 outbound queue is full
[error] [map_1] [err 1005] message handler failed for msgcode 20009: [scene-overloaded] scene gate_1 outbound queue is full
[error] [map_1] [err 1005] message handler failed for msgcode 20009: [scene-overloaded] scene gate_1 outbound queue is full
[error] [map_1] [err 1005] message handler failed for msgcode 20009: [scene-overloaded] scene gate_1 outbound queue is full
[error] [map_1] [err 1005] message handler failed for msgcode 20009: [scene-overloaded] scene gate_1 outbound queue is full
[error] [map_1] [err 1005] message handler failed for msgcode 20009: [scene-overloaded] scene gate_1 outbound queue is full
[error] [map_1] [err 1005] message handler failed for msgcode 20009: [scene-overloaded] scene gate_1 outbound queue is full
[error] [map_1] [err 1005] message handler failed for msgcode 20009: [scene-overloaded] scene gate_1 outbound queue is full
[error] [map_1] [err 1005] message handler failed for msgcode 20009: [scene-overloaded] scene gate_1 outbound queue is full
[error] [map_1] [err 1005] message handler failed for msgcode 20009: [scene-overloaded] scene gate_1 outbound queue is full
[error] [map_1] [err 1005] message handler failed for msgcode 20009: [scene-overloaded] scene gate_1 outbound queue is full
[error] [map_1] [err 1005] message handler failed for msgcode 20009: [scene-overloaded] scene gate_1 outbound queue is full
[error] [map_1] [err 1005] message handler failed for msgcode 20009: [scene-overloaded] scene gate_1 outbound queue is full
[error] [map_1] [err 1005] message handler failed for msgcode 20009: [scene-overloaded] scene gate_1 outbound queue is full
[error] [map_1] [err 1005] message handler failed for msgcode 20009: [scene-overloaded] scene gate_1 outbound queue is full
[error] [map_1] [err 1005] message handler failed for msgcode 20009: [scene-overloaded] scene gate_1 outbound queue is full
[error] [map_1] [err 1005] message handler failed for msgcode 20009: [scene-overloaded] scene gate_1 outbound queue is full
[error] [map_1] [err 1005] message handler failed for msgcode 20009: [scene-overloaded] scene gate_1 outbound queue is full
[error] [map_1] [err 1005] message handler failed for msgcode 20009: [scene-overloaded] scene gate_1 outbound queue is full
[error] [map_1] [err 1005] message handler failed for msgcode 20009: [scene-overloaded] scene gate_1 outbound queue is full
[error] [map_1] [err 1005] message handler failed for msgcode 20009: [scene-overloaded] scene gate_1 outbound queue is full
[error] [map_1] [err 1005] message handler failed for msgcode 20009: [scene-overloaded] scene gate_1 outbound queue is full
[error] [map_1] [err 1005] message handler failed for msgcode 20009: [scene-overloaded] scene gate_1 outbound queue is full
[error] [map_1] [err 1005] message handler failed for msgcode 20009: [scene-overloaded] scene gate_1 outbound queue is full
[error] [map_1] [err 1005] message handler failed for msgcode 20009: [scene-overloaded] scene gate_1 outbound queue is full
[error] [map_1] [err 1005] message handler failed for msgcode 20009: [scene-overloaded] scene gate_1 outbound queue is full
[error] [map_1] [err 1005] message handler failed for msgcode 20009: [scene-overloaded] scene gate_1 outbound queue is full
[error] [map_1] [err 1005] message handler failed for msgcode 20009: [scene-overloaded] scene gate_1 outbound queue is full
[error] [map_1] [err 1005] message handler failed for msgcode 20009: [scene-overloaded] scene gate_1 outbound queue is full
[error] [map_1] [err 1005] message handler failed for msgcode 20009: [scene-overloaded] scene gate_1 outbound queue is full
[error] [map_1] [err 1005] message handler failed for msgcode 20009: [scene-overloaded] scene gate_1 outbound queue is full
[error] [map_1] [err 1005] message handler failed for msgcode 20009: [scene-overloaded] scene gate_1 outbound queue is full
[error] [map_1] [err 1005] message handler failed for msgcode 20009: [scene-overloaded] scene gate_1 outbound queue is full
[error] [map_1] [err 1005] message handler failed for msgcode 20009: [scene-overloaded] scene gate_1 outbound queue is full
[error] [map_1] [err 1005] message handler failed for msgcode 20009: [scene-overloaded] scene gate_1 outbound queue is full
[error] [map_1] [err 1005] message handler failed for msgcode 20009: [scene-overloaded] scene gate_1 outbound queue is full
[error] [map_1] [err 1005] message handler failed for msgcode 20009: [scene-overloaded] scene gate_1 outbound queue is full
[error] [map_1] [err 1005] message handler failed for msgcode 20009: [scene-overloaded] scene gate_1 outbound queue is full
[error] [map_1] [err 1005] message handler failed for msgcode 20009: [scene-overloaded] scene gate_1 outbound queue is full
[error] [map_1] [err 1005] message handler failed for msgcode 20009: [scene-overloaded] scene gate_1 outbound queue is full
[error] [map_1] [err 1005] message handler failed for msgcode 20009: [scene-overloaded] scene gate_1 outbound queue is full
[error] [map_1] [err 1005] message handler failed for msgcode 20009: [scene-overloaded] scene gate_1 outbound queue is full
[error] [map_1] [err 1005] message handler failed for msgcode 20009: [scene-overloaded] scene gate_1 outbound queue is full
[error] [map_1] [err 1005] message handler failed for msgcode 20009: [scene-overloaded] scene gate_1 outbound queue is full
[error] [map_1] [err 1005] message handler failed for msgcode 20009: [scene-overloaded] scene gate_1 outbound queue is full
[error] [map_1] [err 1005] message handler failed for msgcode 20009: [scene-overloaded] scene gate_1 outbound queue is full
[error] [map_1] [err 1005] message handler failed for msgcode 20009: [scene-overloaded] scene gate_1 outbound queue is full
[error] [map_1] [err 1005] message handler failed for msgcode 20009: [scene-overloaded] scene gate_1 outbound queue is full
[error] [map_1] [err 1005] message handler failed for msgcode 20009: [scene-overloaded] scene gate_1 outbound queue is full
[error] [map_1] [err 1005] message handler failed for msgcode 20009: [scene-overloaded] scene gate_1 outbound queue is full
[error] [map_1] [err 1005] message handler failed for msgcode 20009: [scene-overloaded] scene gate_1 outbound queue is full
[error] [map_1] [err 1005] message handler failed for msgcode 20009: [scene-overloaded] scene gate_1 outbound queue is full
[error] [map_1] [err 1005] message handler failed for msgcode 20009: [scene-overloaded] scene gate_1 outbound queue is full
[error] [map_1] [err 1005] message handler failed for msgcode 20009: [scene-overloaded] scene gate_1 outbound queue is full
[error] [map_1] [err 1005] message handler failed for msgcode 20009: [scene-overloaded] scene gate_1 outbound queue is full
[error] [map_1] [err 1005] message handler failed for msgcode 20009: [scene-overloaded] scene gate_1 outbound queue is full
[error] [map_1] [err 1005] message handler failed for msgcode 20009: [scene-overloaded] scene gate_1 outbound queue is full
[error] [map_1] [err 1005] message handler failed for msgcode 20009: [scene-overloaded] scene gate_1 outbound queue is full
[metrics:inner_transport] active=1 opened=1 pending=0 max_pending=0 overloads=19530 timeouts=0 disconnected_calls=0 late_responses=0 idle_closes=0
[metrics:map1] scene=map_1 type=MapHost processed=4716 failed=0 ts_queue=0 ts_max_queue=89 rust_queue=0 rust_max_queue=89 backpressure=0 slow_disconnects=0 update_ms=0.00 handler_ms=1.00 max_handler_ms=120.00 total_handler_ms=11671.00
[map_1] perf_split_0_100_0_1783918218776 leave map 1 unit 1006
[map_1] perf_split_0_100_1_1783918218777 leave map 1 unit 1000
[error] [map_1] [err 1005] message handler failed for msgcode 20008: [scene-overloaded] scene gate_1 outbound queue is full
[error] [map_1] [err 1005] message handler failed for msgcode 20008: [scene-overloaded] scene gate_1 outbound queue is full
[error] [map_1] [err 1005] message handler failed for msgcode 20008: [scene-overloaded] scene gate_1 outbound queue is full
[error] [map_1] [err 1005] message handler failed for msgcode 20008: [scene-overloaded] scene gate_1 outbound queue is full
[error] [map_1] [err 1005] message handler failed for msgcode 20008: [scene-overloaded] scene gate_1 outbound queue is full
[error] [map_1] [err 1005] message handler failed for msgcode 20008: [scene-overloaded] scene gate_1 outbound queue is full
[error] [map_1] [err 1005] message handler failed for msgcode 20008: [scene-overloaded] scene gate_1 outbound queue is full
[map_1] perf_split_0_100_4_1783918218778 leave map 1 unit 1013
[error] [map_1] [err 1005] message handler failed for msgcode 20008: [scene-overloaded] scene gate_1 outbound queue is full
[error] [map_1] [err 1005] message handler failed for msgcode 20008: [scene-overloaded] scene gate_1 outbound queue is full
[error] [map_1] [err 1005] message handler failed for msgcode 20008: [scene-overloaded] scene gate_1 outbound queue is full
[map_1] perf_split_0_100_2_1783918218778 leave map 1 unit 1005
[error] [map_1] [err 1005] message handler failed for msgcode 20008: [scene-overloaded] scene gate_1 outbound queue is full
[error] [map_1] [err 1005] message handler failed for msgcode 20008: [scene-overloaded] scene gate_1 outbound queue is full
[map_1] perf_split_0_100_3_1783918218778 leave map 1 unit 1001
[map_1] perf_split_0_100_6_1783918218778 leave map 1 unit 1009
[error] [map_1] [err 1005] message handler failed for msgcode 20008: [scene-overloaded] scene gate_1 outbound queue is full
[error] [map_1] [err 1005] message handler failed for msgcode 20008: [scene-overloaded] scene gate_1 outbound queue is full
[map_1] perf_split_0_100_9_1783918218778 leave map 1 unit 1004
[error] [map_1] [err 1005] message handler failed for msgcode 20008: [scene-overloaded] scene gate_1 outbound queue is full
[error] [map_1] [err 1005] message handler failed for msgcode 20008: [scene-overloaded] scene gate_1 outbound queue is full
[map_1] perf_split_0_100_7_1783918218778 leave map 1 unit 1002
[error] [map_1] [err 1005] message handler failed for msgcode 20008: [scene-overloaded] scene gate_1 outbound queue is full
[error] [map_1] [err 1005] message handler failed for msgcode 20008: [scene-overloaded] scene gate_1 outbound queue is full
[map_1] perf_split_0_100_5_1783918218778 leave map 1 unit 1003
[map_1] perf_split_0_100_8_1783918218778 leave map 1 unit 1008
[error] [map_1] [err 1005] message handler failed for msgcode 20008: [scene-overloaded] scene gate_1 outbound queue is full
[error] [map_1] [err 1005] message handler failed for msgcode 20008: [scene-overloaded] scene gate_1 outbound queue is full
[error] [map_1] [err 1005] message handler failed for msgcode 20008: [scene-overloaded] scene gate_1 outbound queue is full
[map_1] perf_split_0_100_10_1783918218778 leave map 1 unit 1014
[error] [map_1] [err 1005] message handler failed for msgcode 20008: [scene-overloaded] scene gate_1 outbound queue is full
[error] [map_1] [err 1005] message handler failed for msgcode 20008: [scene-overloaded] scene gate_1 outbound queue is full
[map_1] perf_split_0_100_11_1783918218778 leave map 1 unit 1010
[map_1] perf_split_0_100_13_1783918218778 leave map 1 unit 1012
[error] [map_1] [err 1005] message handler failed for msgcode 20008: [scene-overloaded] scene gate_1 outbound queue is full
[error] [map_1] [err 1005] message handler failed for msgcode 20008: [scene-overloaded] scene gate_1 outbound queue is full
[map_1] perf_split_0_100_12_1783918218778 leave map 1 unit 1015
[error] [map_1] [err 1005] message handler failed for msgcode 20008: [scene-overloaded] scene gate_1 outbound queue is full
[map_1] perf_split_0_100_16_1783918218834 leave map 1 unit 1016
[map_1] perf_split_0_100_15_1783918218778 leave map 1 unit 1007
[map_1] perf_split_0_100_14_1783918218778 leave map 1 unit 1011
[map_1] perf_split_0_100_17_1783918218852 leave map 1 unit 1017
[map_1] perf_split_0_100_18_1783918218853 leave map 1 unit 1029
[error] [map_1] [err 1005] message handler failed for msgcode 20008: [scene-overloaded] scene gate_1 outbound queue is full
[error] [map_1] [err 1005] message handler failed for msgcode 20008: [scene-overloaded] scene gate_1 outbound queue is full
[map_1] perf_split_0_100_19_1783918218853 leave map 1 unit 1018
[map_1] perf_split_0_100_20_1783918218854 leave map 1 unit 1019
[error] [map_1] [err 1005] message handler failed for msgcode 20008: [scene-overloaded] scene gate_1 outbound queue is full
[error] [map_1] [err 1005] message handler failed for msgcode 20008: [scene-overloaded] scene gate_1 outbound queue is full
[error] [map_1] [err 1005] message handler failed for msgcode 20008: [scene-overloaded] scene gate_1 outbound queue is full
[map_1] perf_split_0_100_99_1783918218982 leave map 1 unit 1097
[map_1] perf_split_0_100_52_1783918218898 leave map 1 unit 1055
[map_1] perf_split_0_100_53_1783918218898 leave map 1 unit 1051
[map_1] perf_split_0_100_98_1783918218982 leave map 1 unit 1099
[map_1] perf_split_0_100_97_1783918218982 leave map 1 unit 1098
[map_1] perf_split_0_100_96_1783918218981 leave map 1 unit 1096
[map_1] perf_split_0_100_95_1783918218979 leave map 1 unit 1095
[map_1] perf_split_0_100_94_1783918218965 leave map 1 unit 1090
[map_1] perf_split_0_100_93_1783918218964 leave map 1 unit 1092
[map_1] perf_split_0_100_92_1783918218964 leave map 1 unit 1094
[map_1] perf_split_0_100_90_1783918218963 leave map 1 unit 1093
[map_1] perf_split_0_100_91_1783918218963 leave map 1 unit 1089
[map_1] perf_split_0_100_88_1783918218958 leave map 1 unit 1088
[map_1] perf_split_0_100_89_1783918218963 leave map 1 unit 1091
[map_1] perf_split_0_100_86_1783918218951 leave map 1 unit 1086
[map_1] perf_split_0_100_87_1783918218952 leave map 1 unit 1082
[map_1] perf_split_0_100_83_1783918218951 leave map 1 unit 1085
[map_1] perf_split_0_100_85_1783918218951 leave map 1 unit 1084
[map_1] perf_split_0_100_54_1783918218898 leave map 1 unit 1053
[map_1] perf_split_0_100_55_1783918218899 leave map 1 unit 1054
[map_1] perf_split_0_100_56_1783918218907 leave map 1 unit 1056
[map_1] perf_split_0_100_84_1783918218951 leave map 1 unit 1081
[map_1] perf_split_0_100_82_1783918218950 leave map 1 unit 1080
[map_1] perf_split_0_100_81_1783918218950 leave map 1 unit 1087
[map_1] perf_split_0_100_80_1783918218950 leave map 1 unit 1083
[map_1] perf_split_0_100_79_1783918218947 leave map 1 unit 1079
[map_1] perf_split_0_100_78_1783918218935 leave map 1 unit 1075
[map_1] perf_split_0_100_77_1783918218935 leave map 1 unit 1076
[map_1] perf_split_0_100_57_1783918218909 leave map 1 unit 1057
[map_1] perf_split_0_100_58_1783918218909 leave map 1 unit 1062
[map_1] perf_split_0_100_59_1783918218909 leave map 1 unit 1058
[map_1] perf_split_0_100_76_1783918218935 leave map 1 unit 1077
[map_1] perf_split_0_100_75_1783918218934 leave map 1 unit 1078
[map_1] perf_split_0_100_74_1783918218934 leave map 1 unit 1074
[map_1] perf_split_0_100_73_1783918218934 leave map 1 unit 1073
[map_1] perf_split_0_100_72_1783918218932 leave map 1 unit 1072
[map_1] perf_split_0_100_60_1783918218910 leave map 1 unit 1060
[map_1] perf_split_0_100_61_1783918218910 leave map 1 unit 1059
[map_1] perf_split_0_100_62_1783918218910 leave map 1 unit 1061
[map_1] perf_split_0_100_63_1783918218920 leave map 1 unit 1064
[map_1] perf_split_0_100_71_1783918218924 leave map 1 unit 1067
[map_1] perf_split_0_100_70_1783918218924 leave map 1 unit 1069
[map_1] perf_split_0_100_69_1783918218924 leave map 1 unit 1071
[map_1] perf_split_0_100_68_1783918218924 leave map 1 unit 1068
[map_1] perf_split_0_100_64_1783918218921 leave map 1 unit 1065
[map_1] perf_split_0_100_65_1783918218921 leave map 1 unit 1063
[map_1] perf_split_0_100_66_1783918218923 leave map 1 unit 1070
[map_1] perf_split_0_100_67_1783918218923 leave map 1 unit 1066
